key,title,excerpt,text,text_zh,text_en,language,uncertainty,terms,source,source_url,mirror_urls,first_seen,last_seen,last_confirmed_alive,deletion_signal,deletion_confirmations,content_sha256,wayback_lookup,wayback_snapshot,wayback_raw,archive_today_lookup,ghostarchive_lookup,post_event_snapshot,bracket_before,bracket_after,cross_links_cdt,cross_links_gdelt,cross_links_ooni,cross_links_greatfire,cross_links_weibo,cross_links_undertext,cross_links_bleedthrough,cross_links_common_crawl,common_crawl_match_kind,common_crawl_host,common_crawl_capture_at,common_crawl_mime_type,common_crawl_languages,common_crawl_content_digest,common_crawl_locator_sha256,gazetteer,collector,cite
0006fede2311da74dc4232ab31ad2609,Netizen Voices on the Investigation of Comedian Guo Degang for Riffing on a “Red” Tune: “The Cultural Revolution Never Ended”,News that comedian Guo Degang is under investigation by the Wuhan Municipal Bureau of Culture and Tourism for a playful riff on an old “red tune” has set alarm bells ringing about the state of artistic censorship in China. While playing the popular role of “mad monk” Ji Gong in a theatrical performance in Wuhan [&#8230;],News that comedian Guo Degang is under investigation by the Wuhan Municipal Bureau of Culture and Tourism for a playful riff on an old “red tune” has set alarm bells ringing about the state of artistic censorship in China. While playing the popular role of “mad monk” Ji Gong in a theatrical performance in Wuhan [&#8230;],,"Netizen Voices on the Investigation of Comedian Guo Degang for Riffing on a “Red” Tune: “The Cultural Revolution Never Ended”
News that comedian Guo Degang is under investigation by the Wuhan Municipal Bureau of Culture and Tourism for a playful riff on an old “red tune” has set alarm bells ringing about the state of artistic censorship in China. While playing the popular role of “mad monk” Ji Gong in a theatrical performance in Wuhan [&#8230;]",en,no witnessed Wayback snapshot; lookup is an address to try | last-confirmed-alive is unknown,CCP history; Chinese opera; Cultural Revolution; Culture & the Arts; Netizen Voices; Red; The Cultural Revolution Never Ended; arts censorship; censorship; comedy; cross-talk; cultural policy; free expression; freedom of expression; humor; insulting heroes and martyrs; netizen comments; party history; revolutionary films; translation excerpt; wuhan,ledger:cdt_english_root,https://chinadigitaltimes.net/2026/08/netizen-voices-on-the-investigation-of-comedian-guo-degang-for-riffing-on-a-red-tune-the-cultural-revolution-never-ended/,,2026-08-20T04:37:23Z,2026-08-20T04:37:23Z,,,ledger-reported 2026-08-20T04:37:23Z cdt_english_root — public deletion/blocking ledger item; not a Palimpsest liveness check,3e93e2e56d27a69cf9e26fd3efda7652d2975eef0a62d721128809f8317df718,https://web.archive.org/web/*/https://chinadigitaltimes.net/2026/08/netizen-voices-on-the-investigation-of-comedian-guo-degang-for-riffing-on-a-red-tune-the-cultural-revolution-never-ended/,,,https://archive.today/https://chinadigitaltimes.net/2026/08/netizen-voices-on-the-investigation-of-comedian-guo-degang-for-riffing-on-a-red-tune-the-cultural-revolution-never-ended/,https://ghostarchive.org/search?term=https://chinadigitaltimes.net/2026/08/netizen-voices-on-the-investigation-of-comedian-guo-degang-for-riffing-on-a-red-tune-the-cultural-revolution-never-ended/,,,,cdt_english_root | https://chinadigitaltimes.net/2026/08/netizen-voices-on-the-investigation-of-comedian-guo-degang-for-riffing-on-a-red-tune-the-cultural-revolution-never-ended/,,,,,,,,,,,,,,,,public-deletion-ledgers,"Palimpsest erasure trail (0006fede2311da74dc4232ab31ad2609), “Netizen Voices on the Investigation of Comedian Guo Degang for Riffing on a “Red” Tune: “The Cultural Revolution Never Ended””, first seen 2026-08-20T04:37:23Z, last seen 2026-08-20T04:37:23Z, SHA-256 3e93e2e56d27a69cf9e26fd3efda7652d2975eef0a62d721128809f8317df718. Public source: https://chinadigitaltimes.net/2026/08/netizen-voices-on-the-investigation-of-comedian-guo-degang-for-riffing-on-a-red-tune-the-cultural-revolution-never-ended/. Desk: https://palimpsest.info/news/china/erasure/#0006fede2311da74dc4232ab31ad2609"
b71047d0b08b1baa6b2edabbef5bd47e,天安门下半旗悼念朱镕基同志,"天安门下半旗悼念朱镕基同志
天安门","天安门下半旗悼念朱镕基同志
天安门","天安门下半旗悼念朱镕基同志
天安门下半旗悼念朱镕基同志
天安门",,zh,"no public source URL on this row | no witnessed Wayback snapshot; lookup is an address to try | public text is title/term only; article body was not captured | no deletion-confirmation trail on this row | last-confirmed-alive is unknown | no China Digital Times ledger join | OONI/Bleedthrough join is instrument-level, not URL corroboration",天安门,undertext:fusion:weibo-hotsearch-breakthrough,,,2026-08-20T02:06:13Z,2026-08-20T02:06:13Z,,permitted_attention,,dc16200f00706003267ee64f5aedd181dd64cf791cb5a39f2fe58d34fcb0da9a,,,,,,,,,,,ooni-gfw | https://palimpsest.info/readings/ooni-gfw-latest.json | instrument-context-not-url-corroboration; GFW anomaly index 59.3 from 2026-08-20T01:55:29Z; not a claim about this URL,,weibo:天安门 | https://palimpsest.info/readings/weibo-hotsearch-latest.json | Weibo gazetteer breakthrough on permitted board; clock 2026-08-20T02:06:13Z. Not a deletion claim.,undertext-fusion | https://palimpsest.info/readings/undertext-latest.json | This record is the Palimpsest reconstruction itself,"bleedthrough | https://palimpsest.info/readings/bleedthrough-latest.json | instrument-context-not-url-corroboration; last reading 2026-08-17T00:57:15Z; forged-IP pool rotations, not a deletion of this post",,,,,,,,,天安门 — Tiananmen Square,undertext,"Palimpsest erasure trail (b71047d0b08b1baa6b2edabbef5bd47e), “天安门下半旗悼念朱镕基同志”, first seen 2026-08-20T02:06:13Z, last seen 2026-08-20T02:06:13Z, SHA-256 dc16200f00706003267ee64f5aedd181dd64cf791cb5a39f2fe58d34fcb0da9a. Public source: https://palimpsest.info/news/china/erasure/#b71047d0b08b1baa6b2edabbef5bd47e. Desk: https://palimpsest.info/news/china/erasure/#b71047d0b08b1baa6b2edabbef5bd47e"
a4c2a1e1ffb366427a85bc159939f610,商务局回应胖东来生活广场涨租闭店,"商务局回应胖东来生活广场涨租闭店
广场","商务局回应胖东来生活广场涨租闭店
广场","商务局回应胖东来生活广场涨租闭店
商务局回应胖东来生活广场涨租闭店
广场",,zh,"no public source URL on this row | no witnessed Wayback snapshot; lookup is an address to try | public text is title/term only; article body was not captured | no deletion-confirmation trail on this row | last-confirmed-alive is unknown | no China Digital Times ledger join | OONI/Bleedthrough join is instrument-level, not URL corroboration",广场,undertext:fusion:weibo-hotsearch-breakthrough,,,2026-08-20T02:06:13Z,2026-08-20T02:06:13Z,,permitted_attention,,aa52978f1272cd8d364c9a798b10bfd8670a6b2f82cbc980e9eb68c3fef43ed8,,,,,,,,,,,ooni-gfw | https://palimpsest.info/readings/ooni-gfw-latest.json | instrument-context-not-url-corroboration; GFW anomaly index 59.3 from 2026-08-20T01:55:29Z; not a claim about this URL,,weibo:广场 | https://palimpsest.info/readings/weibo-hotsearch-latest.json | Weibo gazetteer breakthrough on permitted board; clock 2026-08-20T02:06:13Z. Not a deletion claim.,undertext-fusion | https://palimpsest.info/readings/undertext-latest.json | This record is the Palimpsest reconstruction itself,"bleedthrough | https://palimpsest.info/readings/bleedthrough-latest.json | instrument-context-not-url-corroboration; last reading 2026-08-17T00:57:15Z; forged-IP pool rotations, not a deletion of this post",,,,,,,,,广场 — the Square (Tiananmen),undertext,"Palimpsest erasure trail (a4c2a1e1ffb366427a85bc159939f610), “商务局回应胖东来生活广场涨租闭店”, first seen 2026-08-20T02:06:13Z, last seen 2026-08-20T02:06:13Z, SHA-256 aa52978f1272cd8d364c9a798b10bfd8670a6b2f82cbc980e9eb68c3fef43ed8. Public source: https://palimpsest.info/news/china/erasure/#a4c2a1e1ffb366427a85bc159939f610. Desk: https://palimpsest.info/news/china/erasure/#a4c2a1e1ffb366427a85bc159939f610"
7387b1f2869037f9a3535351b0053ae3,张家界偶遇汪涵沈梦辰散步,"张家界偶遇汪涵沈梦辰散步
散步","张家界偶遇汪涵沈梦辰散步
散步","张家界偶遇汪涵沈梦辰散步
张家界偶遇汪涵沈梦辰散步
散步",,zh,"no public source URL on this row | no witnessed Wayback snapshot; lookup is an address to try | public text is title/term only; article body was not captured | no deletion-confirmation trail on this row | last-confirmed-alive is unknown | no China Digital Times ledger join | OONI/Bleedthrough join is instrument-level, not URL corroboration",散步,undertext:fusion:weibo-hotsearch-breakthrough,,,2026-08-20T02:06:13Z,2026-08-20T02:06:13Z,,permitted_attention,,ae466d1b82ca8b1eb73d77d9a67aa77b006f548db71aaa2f792d0576c822f536,,,,,,,,,,,ooni-gfw | https://palimpsest.info/readings/ooni-gfw-latest.json | instrument-context-not-url-corroboration; GFW anomaly index 59.3 from 2026-08-20T01:55:29Z; not a claim about this URL,,weibo:散步 | https://palimpsest.info/readings/weibo-hotsearch-latest.json | Weibo gazetteer breakthrough on permitted board; clock 2026-08-20T02:06:13Z. Not a deletion claim.,undertext-fusion | https://palimpsest.info/readings/undertext-latest.json | This record is the Palimpsest reconstruction itself,"bleedthrough | https://palimpsest.info/readings/bleedthrough-latest.json | instrument-context-not-url-corroboration; last reading 2026-08-17T00:57:15Z; forged-IP pool rotations, not a deletion of this post",,,,,,,,,散步 — taking a walk = protest evasion,undertext,"Palimpsest erasure trail (7387b1f2869037f9a3535351b0053ae3), “张家界偶遇汪涵沈梦辰散步”, first seen 2026-08-20T02:06:13Z, last seen 2026-08-20T02:06:13Z, SHA-256 ae466d1b82ca8b1eb73d77d9a67aa77b006f548db71aaa2f792d0576c822f536. Public source: https://palimpsest.info/news/china/erasure/#7387b1f2869037f9a3535351b0053ae3. Desk: https://palimpsest.info/news/china/erasure/#7387b1f2869037f9a3535351b0053ae3"
3dcbbc2e9d88f9961f7c37c49c89f3c3,天安门下半旗悼念朱镕基同志,天安门下半旗悼念朱镕基同志,天安门下半旗悼念朱镕基同志,"天安门下半旗悼念朱镕基同志
天安门下半旗悼念朱镕基同志",,zh,"no public source URL on this row | no witnessed Wayback snapshot; lookup is an address to try | public text is title/term only; article body was not captured | no deletion-confirmation trail on this row | last-confirmed-alive is unknown | no China Digital Times ledger join | OONI/Bleedthrough join is instrument-level, not URL corroboration",天安门,undertext:fusion:weibo-hotsearch-withdrawal,,,2026-08-20T02:06:13Z,2026-08-20T02:06:13Z,,withdrawal_watch,,1f25c99a99b95afd7c1a5feed2da011ccf142d449d8cbef7616d30fefc8054c8,,,,,,,,,,,ooni-gfw | https://palimpsest.info/readings/ooni-gfw-latest.json | instrument-context-not-url-corroboration; GFW anomaly index 59.3 from 2026-08-20T01:55:29Z; not a claim about this URL,,weibo:天安门 | https://palimpsest.info/readings/weibo-hotsearch-latest.json | Weibo gazetteer breakthrough on permitted board; clock 2026-08-20T02:06:13Z. Not a deletion claim.,undertext-fusion | https://palimpsest.info/readings/undertext-latest.json | This record is the Palimpsest reconstruction itself,"bleedthrough | https://palimpsest.info/readings/bleedthrough-latest.json | instrument-context-not-url-corroboration; last reading 2026-08-17T00:57:15Z; forged-IP pool rotations, not a deletion of this post",,,,,,,,,天安门 — Tiananmen Square,undertext,"Palimpsest erasure trail (3dcbbc2e9d88f9961f7c37c49c89f3c3), “天安门下半旗悼念朱镕基同志”, first seen 2026-08-20T02:06:13Z, last seen 2026-08-20T02:06:13Z, SHA-256 1f25c99a99b95afd7c1a5feed2da011ccf142d449d8cbef7616d30fefc8054c8. Public source: https://palimpsest.info/news/china/erasure/#3dcbbc2e9d88f9961f7c37c49c89f3c3. Desk: https://palimpsest.info/news/china/erasure/#3dcbbc2e9d88f9961f7c37c49c89f3c3"
0b291ea0dc0c812ce923bd2bf294de8e,25岁小伙见网恋女友失联近两年,"25岁小伙见网恋女友失联近两年
失联","25岁小伙见网恋女友失联近两年
失联","25岁小伙见网恋女友失联近两年
25岁小伙见网恋女友失联近两年
失联",,zh,"no public source URL on this row | no witnessed Wayback snapshot; lookup is an address to try | public text is title/term only; article body was not captured | no deletion-confirmation trail on this row | last-confirmed-alive is unknown | no China Digital Times ledger join | OONI/Bleedthrough join is instrument-level, not URL corroboration",失联,undertext:fusion:weibo-hotsearch-breakthrough,,,2026-08-20T02:06:13Z,2026-08-20T02:06:13Z,,permitted_attention,,3dc5e358f06d9a04eba834b40fa102bde6091b59f605eae289bbf17e5877f755,,,,,,,,,,,ooni-gfw | https://palimpsest.info/readings/ooni-gfw-latest.json | instrument-context-not-url-corroboration; GFW anomaly index 59.3 from 2026-08-20T01:55:29Z; not a claim about this URL,,weibo:失联 | https://palimpsest.info/readings/weibo-hotsearch-latest.json | Weibo gazetteer breakthrough on permitted board; clock 2026-08-20T02:06:13Z. Not a deletion claim.,undertext-fusion | https://palimpsest.info/readings/undertext-latest.json | This record is the Palimpsest reconstruction itself,"bleedthrough | https://palimpsest.info/readings/bleedthrough-latest.json | instrument-context-not-url-corroboration; last reading 2026-08-17T00:57:15Z; forged-IP pool rotations, not a deletion of this post",,,,,,,,,失联 — lost contact = disappeared,undertext,"Palimpsest erasure trail (0b291ea0dc0c812ce923bd2bf294de8e), “25岁小伙见网恋女友失联近两年”, first seen 2026-08-20T02:06:13Z, last seen 2026-08-20T02:06:13Z, SHA-256 3dc5e358f06d9a04eba834b40fa102bde6091b59f605eae289bbf17e5877f755. Public source: https://palimpsest.info/news/china/erasure/#0b291ea0dc0c812ce923bd2bf294de8e. Desk: https://palimpsest.info/news/china/erasure/#0b291ea0dc0c812ce923bd2bf294de8e"
c6d37eb227904a64cdfddcdb43900578,[undertext:no_baseline] 青年失业率,no_baseline,no_baseline,[undertext:no_baseline] 青年失业率,no_baseline,mixed,"no public source URL on this row | no witnessed Wayback snapshot; lookup is an address to try | public text is title/term only; article body was not captured | last-confirmed-alive is unknown | no China Digital Times ledger join | OONI/Bleedthrough join is instrument-level, not URL corroboration",青年失业率,undertext:fusion:wayback,,,2026-08-20T01:56:45Z,2026-08-20T01:56:45Z,,no_baseline,no_baseline 2026-08-20T01:56:45Z wayback — no_baseline,eafe3d13a343f75972500faa6e0323d8c70fec40998c5dfc5601b7ad2b842c0f,,,,,,,,,,,ooni-gfw | https://palimpsest.info/readings/ooni-gfw-latest.json | instrument-context-not-url-corroboration; GFW anomaly index 59.3 from 2026-08-20T01:55:29Z; not a claim about this URL,,,undertext-fusion | https://palimpsest.info/readings/undertext-latest.json | This record is the Palimpsest reconstruction itself,"bleedthrough | https://palimpsest.info/readings/bleedthrough-latest.json | instrument-context-not-url-corroboration; last reading 2026-08-17T00:57:15Z; forged-IP pool rotations, not a deletion of this post",,,,,,,,,青年失业率 — youth unemployment rate,undertext,"Palimpsest erasure trail (c6d37eb227904a64cdfddcdb43900578), “[undertext:no_baseline] 青年失业率”, first seen 2026-08-20T01:56:45Z, last seen 2026-08-20T01:56:45Z, SHA-256 eafe3d13a343f75972500faa6e0323d8c70fec40998c5dfc5601b7ad2b842c0f. Public source: https://palimpsest.info/news/china/erasure/#c6d37eb227904a64cdfddcdb43900578. Desk: https://palimpsest.info/news/china/erasure/#c6d37eb227904a64cdfddcdb43900578"
56a041f9861c30546b5680e4d46b4844,[undertext:unreachable] 国家统计局 最新发布,unreachable,unreachable,[undertext:unreachable] 国家统计局 最新发布,unreachable,mixed,"no witnessed Wayback snapshot; lookup is an address to try | public text is title/term only; article body was not captured | last-confirmed-alive is unknown | no China Digital Times ledger join | OONI/Bleedthrough join is instrument-level, not URL corroboration",国家统计局 最新发布,undertext:fusion:wayback,https://www.stats.gov.cn/sj/zxfb/,,2026-08-20T01:56:45Z,2026-08-20T01:56:45Z,,unreachable,unreachable 2026-08-20T01:56:45Z wayback — unreachable,446a219b3d41337bace4ef9be331510c5844a91ffdf1a972ef573b594ec4f669,https://web.archive.org/web/*/https://www.stats.gov.cn/sj/zxfb/,,,https://archive.today/https://www.stats.gov.cn/sj/zxfb/,https://ghostarchive.org/search?term=https://www.stats.gov.cn/sj/zxfb/,,,,,,ooni-gfw | https://palimpsest.info/readings/ooni-gfw-latest.json | instrument-context-not-url-corroboration; GFW anomaly index 59.3 from 2026-08-20T01:55:29Z; not a claim about this URL,,,undertext-fusion | https://palimpsest.info/readings/undertext-latest.json | This record is the Palimpsest reconstruction itself,"bleedthrough | https://palimpsest.info/readings/bleedthrough-latest.json | instrument-context-not-url-corroboration; last reading 2026-08-17T00:57:15Z; forged-IP pool rotations, not a deletion of this post",,,,,,,,,,undertext,"Palimpsest erasure trail (56a041f9861c30546b5680e4d46b4844), “[undertext:unreachable] 国家统计局 最新发布”, first seen 2026-08-20T01:56:45Z, last seen 2026-08-20T01:56:45Z, SHA-256 446a219b3d41337bace4ef9be331510c5844a91ffdf1a972ef573b594ec4f669. Public source: https://www.stats.gov.cn/sj/zxfb/. Desk: https://palimpsest.info/news/china/erasure/#56a041f9861c30546b5680e4d46b4844"
2f19080131b29b8fda9cbda2e824f746,[undertext:unreachable] 白纸运动,unreachable,unreachable,[undertext:unreachable] 白纸运动,unreachable,mixed,"no witnessed Wayback snapshot; lookup is an address to try | public text is title/term only; article body was not captured | last-confirmed-alive is unknown | no China Digital Times ledger join | OONI/Bleedthrough join is instrument-level, not URL corroboration",白纸运动,undertext:fusion:wayback,https://baike.baidu.com/item/%E7%99%BD%E7%BA%B8%E8%BF%90%E5%8A%A8,,2026-08-20T01:56:45Z,2026-08-20T01:56:45Z,,unreachable,unreachable 2026-08-20T01:56:45Z wayback — unreachable,682068d60c3243aa7fc2e927989f09b28d67d7cde50c6624101d5aed9c72d769,https://web.archive.org/web/*/https://baike.baidu.com/item/%25E7%2599%25BD%25E7%25BA%25B8%25E8%25BF%2590%25E5%258A%25A8,,,https://archive.today/https://baike.baidu.com/item/%25E7%2599%25BD%25E7%25BA%25B8%25E8%25BF%2590%25E5%258A%25A8,https://ghostarchive.org/search?term=https://baike.baidu.com/item/%25E7%2599%25BD%25E7%25BA%25B8%25E8%25BF%2590%25E5%258A%25A8,,,,,,ooni-gfw | https://palimpsest.info/readings/ooni-gfw-latest.json | instrument-context-not-url-corroboration; GFW anomaly index 59.3 from 2026-08-20T01:55:29Z; not a claim about this URL,,,undertext-fusion | https://palimpsest.info/readings/undertext-latest.json | This record is the Palimpsest reconstruction itself,"bleedthrough | https://palimpsest.info/readings/bleedthrough-latest.json | instrument-context-not-url-corroboration; last reading 2026-08-17T00:57:15Z; forged-IP pool rotations, not a deletion of this post",,,,,,,,,白纸 — blank paper (A4 protest),undertext,"Palimpsest erasure trail (2f19080131b29b8fda9cbda2e824f746), “[undertext:unreachable] 白纸运动”, first seen 2026-08-20T01:56:45Z, last seen 2026-08-20T01:56:45Z, SHA-256 682068d60c3243aa7fc2e927989f09b28d67d7cde50c6624101d5aed9c72d769. Public source: https://baike.baidu.com/item/%E7%99%BD%E7%BA%B8%E8%BF%90%E5%8A%A8. Desk: https://palimpsest.info/news/china/erasure/#2f19080131b29b8fda9cbda2e824f746"
14160cde8de4c1e95129fe36aa7ccac4,Translation: “Extreme Security” at Tiananmen Landmark in the Maddening Summer Heat,"This post from WeChat account 百里曾游 Bǎilǐ Céngyóu (&#34;100 Li Once Traveled&#34;), deleted at the source but archived at CDT Chinese, describes the gauntlet of security checks, ID-card scans, pat-downs, bag-checks, book-checks, hem-lifts, and shoe-squeezes involved in visiting Zhengyangmen, also known as Qianmen, the towering gate at the southern edge of Beijing&#8217;s Tiananmen Square. The [&#82","This post from WeChat account 百里曾游 Bǎilǐ Céngyóu (&#34;100 Li Once Traveled&#34;), deleted at the source but archived at CDT Chinese, describes the gauntlet of security checks, ID-card scans, pat-downs, bag-checks, book-checks, hem-lifts, and shoe-squeezes involved in visiting Zhengyangmen, also known as Qianmen, the towering gate at the southern edge of Beijing&#8217;s Tiananmen Square. The [&#82","This post from WeChat account 百里曾游 Bǎilǐ Céngyóu (&#34;100 Li Once Traveled&#34;), deleted at the source but archived at CDT Chinese, describes the gauntlet of security checks, ID-card scans, pat-downs, bag-checks, book-checks, hem-lifts, and shoe-squeezes involved in visiting Zhengyangmen, also known as Qianmen, the towering gate at the southern edge of Beijing&#8217;s Tiananmen Square. The [&#82","Translation: “Extreme Security” at Tiananmen Landmark in the Maddening Summer Heat
Translation: “Extreme Security” at Tiananmen Landmark in the Maddening Summer Heat
DDTI terms: subway, Extreme Security, Shanghai, airport security, beijing subway, tourist sites, Tiananmen Square, fraud, tourism, WeChat, social media censorship, Tiananmen, travel, Internet censorship, online censorship, Beijing",en,"no witnessed Wayback snapshot; lookup is an address to try | no deletion-confirmation trail on this row | last-confirmed-alive is unknown | OONI/Bleedthrough join is instrument-level, not URL corroboration",subway; Extreme Security; Shanghai; airport security; beijing subway; tourist sites; Tiananmen Square; fraud; tourism; WeChat; social media censorship; Tiananmen; travel; Internet censorship; online censorship; Beijing,undertext:fusion:ddti,https://chinadigitaltimes.net/2026/08/translation-extreme-security-at-tiananmen-landmark-in-the-maddening-summer-heat/,,2026-02-21T04:06:58Z,2026-08-19T05:20:06Z,,,ledger-reported 2026-08-19T05:20:06Z cdt_english_root — public deletion/blocking ledger item; not a Palimpsest liveness check,19346fd521785d0e937a39c5a7625ec823fea4995142de20165e5b22fc6e2d44,https://web.archive.org/web/*/https://chinadigitaltimes.net/2026/08/translation-extreme-security-at-tiananmen-landmark-in-the-maddening-summer-heat/,,,https://archive.today/https://chinadigitaltimes.net/2026/08/translation-extreme-security-at-tiananmen-landmark-in-the-maddening-summer-heat/,https://ghostarchive.org/search?term=https://chinadigitaltimes.net/2026/08/translation-extreme-security-at-tiananmen-landmark-in-the-maddening-summer-heat/,,,,cdt-public-article | https://chinadigitaltimes.net/2026/08/translation-extreme-security-at-tiananmen-landmark-in-the-maddening-summer-heat/ | China Digital Times public article URL already on this record; not a private feed,gdelt:subway | https://palimpsest.info/readings/gdelt-latest.json | GDELT DOC 2.0 overlap on committed term 'subway'; label=unknown; global_norm=None; clock 2026-08-20T02:12:09Z. Not a deletion claim.,ooni-gfw | https://palimpsest.info/readings/ooni-gfw-latest.json | instrument-context-not-url-corroboration; GFW anomaly index 59.3 from 2026-08-20T01:55:29Z; not a claim about this URL,,,undertext-fusion | https://palimpsest.info/readings/undertext-latest.json | This record is the Palimpsest reconstruction itself,"bleedthrough | https://palimpsest.info/readings/bleedthrough-latest.json | instrument-context-not-url-corroboration; last reading 2026-08-17T00:57:15Z; forged-IP pool rotations, not a deletion of this post",,,,,,,,,,undertext,"Palimpsest erasure trail (14160cde8de4c1e95129fe36aa7ccac4), “Translation: “Extreme Security” at Tiananmen Landmark in the Maddening Summer Heat”, first seen 2026-02-21T04:06:58Z, last seen 2026-08-19T05:20:06Z, SHA-256 19346fd521785d0e937a39c5a7625ec823fea4995142de20165e5b22fc6e2d44. Public source: https://chinadigitaltimes.net/2026/08/translation-extreme-security-at-tiananmen-landmark-in-the-maddening-summer-heat/. Desk: https://palimpsest.info/news/china/erasure/#14160cde8de4c1e95129fe36aa7ccac4"
63fd95750bbe0d4f41dc9324448bc8be,"Mathematicians Wang Hong and Deng Yu Win Fields Medal, Prompting Debate About National Pride, Chinese Academia, and Feeling “Discouraged”","The announcement that two Chinese mathematicians have won the Fields Medal, awarded every four years to outstanding mathematicians under 40, has been met with an outpouring of national pride on Chinese social media, as well as debate about the state of Chinese academia and whether there is enough domestic support and encouragement for emerging academic [&#8230;]","The announcement that two Chinese mathematicians have won the Fields Medal, awarded every four years to outstanding mathematicians under 40, has been met with an outpouring of national pride on Chinese social media, as well as debate about the state of Chinese academia and whether there is enough domestic support and encouragement for emerging academic [&#8230;]",,"Mathematicians Wang Hong and Deng Yu Win Fields Medal, Prompting Debate About National Pride, Chinese Academia, and Feeling “Discouraged”
Mathematicians Wang Hong and Deng Yu Win Fields Medal, Prompting Debate About National Pride, Chinese Academia, and Feeling “Discouraged”
DDTI terms: Discouraged, France, Peking University, U.S. universities, academics, foreign universities, mathematics, overseas Chinese, science education, nationalism, United States, Academia",en,"no witnessed Wayback snapshot; lookup is an address to try | no deletion-confirmation trail on this row | last-confirmed-alive is unknown | OONI/Bleedthrough join is instrument-level, not URL corroboration",Discouraged; France; Peking University; U.S. universities; academics; foreign universities; mathematics; overseas Chinese; science education; nationalism; United States; Academia; Weibo censorship; higher education; netizen comments; online public opinion; translation excerpt; universities; women,undertext:fusion:ddti,https://chinadigitaltimes.net/2026/08/mathematicians-wang-hong-and-deng-yu-win-fields-medal-prompting-debate-about-national-pride-chinese-academia-and-feeling-discouraged/,,2026-03-04T22:42:51Z,2026-08-14T23:04:56Z,,,ledger-reported 2026-08-14T23:04:56Z cdt_english_root — public deletion/blocking ledger item; not a Palimpsest liveness check,65eca18d1e56002b5a3d8f5fe8bb2cfd0cc3d75e6879cfc0d8824707b158ba9f,https://web.archive.org/web/*/https://chinadigitaltimes.net/2026/08/mathematicians-wang-hong-and-deng-yu-win-fields-medal-prompting-debate-about-national-pride-chinese-academia-and-feeling-discouraged/,,,https://archive.today/https://chinadigitaltimes.net/2026/08/mathematicians-wang-hong-and-deng-yu-win-fields-medal-prompting-debate-about-national-pride-chinese-academia-and-feeling-discouraged/,https://ghostarchive.org/search?term=https://chinadigitaltimes.net/2026/08/mathematicians-wang-hong-and-deng-yu-win-fields-medal-prompting-debate-about-national-pride-chinese-academia-and-feeling-discouraged/,,,,cdt-public-article | https://chinadigitaltimes.net/2026/08/mathematicians-wang-hong-and-deng-yu-win-fields-medal-prompting-debate-about-national-pride-chinese-academia-and-feeling-discouraged/ | China Digital Times public article URL already on this record; not a private feed,gdelt:Discouraged | https://palimpsest.info/readings/gdelt-latest.json | GDELT DOC 2.0 overlap on committed term 'Discouraged'; label=containment; global_norm=0.0277; clock 2026-08-20T02:12:09Z. Not a deletion claim.,ooni-gfw | https://palimpsest.info/readings/ooni-gfw-latest.json | instrument-context-not-url-corroboration; GFW anomaly index 59.3 from 2026-08-20T01:55:29Z; not a claim about this URL,,,undertext-fusion | https://palimpsest.info/readings/undertext-latest.json | This record is the Palimpsest reconstruction itself,"bleedthrough | https://palimpsest.info/readings/bleedthrough-latest.json | instrument-context-not-url-corroboration; last reading 2026-08-17T00:57:15Z; forged-IP pool rotations, not a deletion of this post",,,,,,,,,,undertext,"Palimpsest erasure trail (63fd95750bbe0d4f41dc9324448bc8be), “Mathematicians Wang Hong and Deng Yu Win Fields Medal, Prompting Debate About National Pride, Chinese Academia, and Feeling “Discouraged””, first seen 2026-03-04T22:42:51Z, last seen 2026-08-14T23:04:56Z, SHA-256 65eca18d1e56002b5a3d8f5fe8bb2cfd0cc3d75e6879cfc0d8824707b158ba9f. Public source: https://chinadigitaltimes.net/2026/08/mathematicians-wang-hong-and-deng-yu-win-fields-medal-prompting-debate-about-national-pride-chinese-academia-and-feeling-discouraged/. Desk: https://palimpsest.info/news/china/erasure/#63fd95750bbe0d4f41dc9324448bc8be"
7d4cc70bec4c7a151fce75d175bda051,Translation: The Deluge of Blocked Words Online – Why We Feel We “Cannot Speak Openly”,"The post translated below, from WeChat account “Summer Flavors,” argues that keyword-based censorship on Chinese online platforms is missing the mark, both unnecessarily restricting harmless speech and failing to address the problems it is meant to target. This leaves users struggling to articulate even relatively innocuous messages in ways that will survive. The post carefully [&#8230;]","The post translated below, from WeChat account “Summer Flavors,” argues that keyword-based censorship on Chinese online platforms is missing the mark, both unnecessarily restricting harmless speech and failing to address the problems it is meant to target. This leaves users struggling to articulate even relatively innocuous messages in ways that will survive. The post carefully [&#8230;]",,"Translation: The Deluge of Blocked Words Online – Why We Feel We “Cannot Speak Openly”
Translation: The Deluge of Blocked Words Online – Why We Feel We “Cannot Speak Openly”
DDTI terms: WeChat, social media censorship, Internet censorship, online censorship, social media, Cannot Speak Openly",en,"no witnessed Wayback snapshot; lookup is an address to try | no deletion-confirmation trail on this row | last-confirmed-alive is unknown | OONI/Bleedthrough join is instrument-level, not URL corroboration",WeChat; social media censorship; Internet censorship; online censorship; social media; Cannot Speak Openly; censorship; sensitive words; tech companies,undertext:fusion:ddti,https://chinadigitaltimes.net/2026/08/translation-the-deluge-of-blocked-words-online-why-we-feel-we-cannot-speak-openly/,,2026-02-21T04:06:58Z,2026-08-14T00:51:23Z,,,ledger-reported 2026-08-14T00:51:23Z cdt_english_root — public deletion/blocking ledger item; not a Palimpsest liveness check,598211262bb9682eb3b2ae59cecc620d75d0696dfe372d1276d856aa0c6e23eb,https://web.archive.org/web/*/https://chinadigitaltimes.net/2026/08/translation-the-deluge-of-blocked-words-online-why-we-feel-we-cannot-speak-openly/,,,https://archive.today/https://chinadigitaltimes.net/2026/08/translation-the-deluge-of-blocked-words-online-why-we-feel-we-cannot-speak-openly/,https://ghostarchive.org/search?term=https://chinadigitaltimes.net/2026/08/translation-the-deluge-of-blocked-words-online-why-we-feel-we-cannot-speak-openly/,,,,cdt-public-article | https://chinadigitaltimes.net/2026/08/translation-the-deluge-of-blocked-words-online-why-we-feel-we-cannot-speak-openly/ | China Digital Times public article URL already on this record; not a private feed,gdelt:WeChat | https://palimpsest.info/readings/gdelt-latest.json | GDELT DOC 2.0 overlap on committed term 'WeChat'; label=unknown; global_norm=None; clock 2026-08-20T02:12:09Z. Not a deletion claim.,ooni-gfw | https://palimpsest.info/readings/ooni-gfw-latest.json | instrument-context-not-url-corroboration; GFW anomaly index 59.3 from 2026-08-20T01:55:29Z; not a claim about this URL,,,undertext-fusion | https://palimpsest.info/readings/undertext-latest.json | This record is the Palimpsest reconstruction itself,"bleedthrough | https://palimpsest.info/readings/bleedthrough-latest.json | instrument-context-not-url-corroboration; last reading 2026-08-17T00:57:15Z; forged-IP pool rotations, not a deletion of this post",,,,,,,,,,undertext,"Palimpsest erasure trail (7d4cc70bec4c7a151fce75d175bda051), “Translation: The Deluge of Blocked Words Online – Why We Feel We “Cannot Speak Openly””, first seen 2026-02-21T04:06:58Z, last seen 2026-08-14T00:51:23Z, SHA-256 598211262bb9682eb3b2ae59cecc620d75d0696dfe372d1276d856aa0c6e23eb. Public source: https://chinadigitaltimes.net/2026/08/translation-the-deluge-of-blocked-words-online-why-we-feel-we-cannot-speak-openly/. Desk: https://palimpsest.info/news/china/erasure/#7d4cc70bec4c7a151fce75d175bda051"
10f81f053198d3b7a044ccb8a7bdc204,Translation: “AI Has Determined That My Press Card Is a Fake”,"The rise of artificial intelligence and the widespread use of domestic and international large language models (LLMs) have had a profound impact, for better and worse, on the work of Chinese investigative journalists and news editors. New AI tools have reverberated through campus newsrooms, state media, and online and print publications and platforms. They have [&#8230;]","The rise of artificial intelligence and the widespread use of domestic and international large language models (LLMs) have had a profound impact, for better and worse, on the work of Chinese investigative journalists and news editors. New AI tools have reverberated through campus newsrooms, state media, and online and print publications and platforms. They have [&#8230;]",,"Translation: “AI Has Determined That My Press Card Is a Fake”
The rise of artificial intelligence and the widespread use of domestic and international large language models (LLMs) have had a profound impact, for better and worse, on the work of Chinese investigative journalists and news editors. New AI tools have reverberated through campus newsrooms, state media, and online and print publications and platforms. They have [&#8230;]",en,no witnessed Wayback snapshot; lookup is an address to try | last-confirmed-alive is unknown,AI; AI Has Determined That My Press Card Is a Fake; CDT translation; Culture & the Arts; artificial intelligence; china youth daily; humor; information technology; investigative journalism; journalism; journalists; literacy; media; online media; press accreditation; reputation; state media,ledger:cdt_english_root,https://chinadigitaltimes.net/2026/08/translation-ai-has-determined-that-my-press-card-is-a-fake/,,2026-08-05T20:22:05Z,2026-08-05T20:22:05Z,,,ledger-reported 2026-08-05T20:22:05Z cdt_english_root — public deletion/blocking ledger item; not a Palimpsest liveness check,b7da034ac96b1270bdfa0b12615b2c7eee9dfe1ffb1443022593ca85ab3a6604,https://web.archive.org/web/*/https://chinadigitaltimes.net/2026/08/translation-ai-has-determined-that-my-press-card-is-a-fake/,,,https://archive.today/https://chinadigitaltimes.net/2026/08/translation-ai-has-determined-that-my-press-card-is-a-fake/,https://ghostarchive.org/search?term=https://chinadigitaltimes.net/2026/08/translation-ai-has-determined-that-my-press-card-is-a-fake/,,,,cdt_english_root | https://chinadigitaltimes.net/2026/08/translation-ai-has-determined-that-my-press-card-is-a-fake/,,,,,,,,,,,,,,,,public-deletion-ledgers,"Palimpsest erasure trail (10f81f053198d3b7a044ccb8a7bdc204), “Translation: “AI Has Determined That My Press Card Is a Fake””, first seen 2026-08-05T20:22:05Z, last seen 2026-08-05T20:22:05Z, SHA-256 b7da034ac96b1270bdfa0b12615b2c7eee9dfe1ffb1443022593ca85ab3a6604. Public source: https://chinadigitaltimes.net/2026/08/translation-ai-has-determined-that-my-press-card-is-a-fake/. Desk: https://palimpsest.info/news/china/erasure/#10f81f053198d3b7a044ccb8a7bdc204"
871d8ff8a85aa918611ae21087b4ad4d,Freedom House – TNR Watch: Cyberattacks as a Tactic of Digital Transnational Repression,"pa class=""a2a_button_facebook"" href=""https://www.addtoany.com/add_to/facebook?linkurl=https%3A%2F%2Ffreedomhouse.org%2Farticle%2Ftnr-watch-cyberattacks-tactic-digital-transnational-repression%23new_tab&amp;linkname=Freedom%20House%20%E2%80%93%20TNR%20Watch%3A%20Cyberattacks%20as%20a%20Tactic%20of%20Digital%20Transnational%20Repression"" title=""Facebook"" rel=""nofollow noopener"" target=""_blank""/aa cl","pa class=""a2a_button_facebook"" href=""https://www.addtoany.com/add_to/facebook?linkurl=https%3A%2F%2Ffreedomhouse.org%2Farticle%2Ftnr-watch-cyberattacks-tactic-digital-transnational-repression%23new_tab&amp;linkname=Freedom%20House%20%E2%80%93%20TNR%20Watch%3A%20Cyberattacks%20as%20a%20Tactic%20of%20Digital%20Transnational%20Repression"" title=""Facebook"" rel=""nofollow noopener"" target=""_blank""/aa cl",,"Freedom House – TNR Watch: Cyberattacks as a Tactic of Digital Transnational Repression
pa class=""a2a_button_facebook"" href=""https://www.addtoany.com/add_to/facebook?linkurl=https%3A%2F%2Ffreedomhouse.org%2Farticle%2Ftnr-watch-cyberattacks-tactic-digital-transnational-repression%23new_tab&amp;linkname=Freedom%20House%20%E2%80%93%20TNR%20Watch%3A%20Cyberattacks%20as%20a%20Tactic%20of%20Digital%20Transnational%20Repression"" title=""Facebook"" rel=""nofollow noopener"" target=""_blank""/aa cl",en,no witnessed Wayback snapshot; lookup is an address to try | last-confirmed-alive is unknown,CDT in the news,ledger:cdt_english_root,https://freedomhouse.org/article/tnr-watch-cyberattacks-tactic-digital-transnational-repression#new_tab,,2026-08-01T05:53:58Z,2026-08-01T05:53:58Z,,,ledger-reported 2026-08-01T05:53:58Z cdt_english_root — public deletion/blocking ledger item; not a Palimpsest liveness check,b53ee75700fd2dde4997bd21f52e56b7c9464fbb184774cdfd440e59c85fd288,https://web.archive.org/web/*/https://freedomhouse.org/article/tnr-watch-cyberattacks-tactic-digital-transnational-repression%23new_tab,,,https://archive.today/https://freedomhouse.org/article/tnr-watch-cyberattacks-tactic-digital-transnational-repression%23new_tab,https://ghostarchive.org/search?term=https://freedomhouse.org/article/tnr-watch-cyberattacks-tactic-digital-transnational-repression%23new_tab,,,,cdt_english_root | https://freedomhouse.org/article/tnr-watch-cyberattacks-tactic-digital-transnational-repression#new_tab,,,,,,,,,,,,,,,,public-deletion-ledgers,"Palimpsest erasure trail (871d8ff8a85aa918611ae21087b4ad4d), “Freedom House – TNR Watch: Cyberattacks as a Tactic of Digital Transnational Repression”, first seen 2026-08-01T05:53:58Z, last seen 2026-08-01T05:53:58Z, SHA-256 b53ee75700fd2dde4997bd21f52e56b7c9464fbb184774cdfd440e59c85fd288. Public source: https://freedomhouse.org/article/tnr-watch-cyberattacks-tactic-digital-transnational-repression#new_tab. Desk: https://palimpsest.info/news/china/erasure/#871d8ff8a85aa918611ae21087b4ad4d"
1a338de1345e3f86123cff6ff16e3573,"Photo: Xanadu, by Xiquinho Silva","div id=""attachment_705687"" style=""width: 610px"" class=""wp-caption aligncenter""img decoding=""async"" aria-describedby=""caption-attachment-705687"" src=""http://chinadigitaltimes.net/wp-content/uploads/2026/07/Xanadu-by-Xiquinho-Silva-e1785562770935.jpg"" alt=""At the ruins of Xanadu (Shangdu), in what is now Zhenglan Banner, Inner Mongolia, China, a cracked asphalt road with grass on both sides leads to","div id=""attachment_705687"" style=""width: 610px"" class=""wp-caption aligncenter""img decoding=""async"" aria-describedby=""caption-attachment-705687"" src=""http://chinadigitaltimes.net/wp-content/uploads/2026/07/Xanadu-by-Xiquinho-Silva-e1785562770935.jpg"" alt=""At the ruins of Xanadu (Shangdu), in what is now Zhenglan Banner, Inner Mongolia, China, a cracked asphalt road with grass on both sides leads to",,"Photo: Xanadu, by Xiquinho Silva
div id=""attachment_705687"" style=""width: 610px"" class=""wp-caption aligncenter""img decoding=""async"" aria-describedby=""caption-attachment-705687"" src=""http://chinadigitaltimes.net/wp-content/uploads/2026/07/Xanadu-by-Xiquinho-Silva-e1785562770935.jpg"" alt=""At the ruins of Xanadu (Shangdu), in what is now Zhenglan Banner, Inner Mongolia, China, a cracked asphalt road with grass on both sides leads to",en,no witnessed Wayback snapshot; lookup is an address to try | last-confirmed-alive is unknown,709; Main Photo,ledger:cdt_english_root,https://chinadigitaltimes.net/2026/07/photo-xanadu-by-xiquinho-silva/,,2026-08-01T05:42:08Z,2026-08-01T05:42:08Z,,,ledger-reported 2026-08-01T05:42:08Z cdt_english_root — public deletion/blocking ledger item; not a Palimpsest liveness check,79dd2052c13561375dfedb901a7a8d18d3a516513e8f0b2e1d5b6ce653f9a0a7,https://web.archive.org/web/*/https://chinadigitaltimes.net/2026/07/photo-xanadu-by-xiquinho-silva/,,,https://archive.today/https://chinadigitaltimes.net/2026/07/photo-xanadu-by-xiquinho-silva/,https://ghostarchive.org/search?term=https://chinadigitaltimes.net/2026/07/photo-xanadu-by-xiquinho-silva/,,,,cdt_english_root | https://chinadigitaltimes.net/2026/07/photo-xanadu-by-xiquinho-silva/,,,,,,,,,,,,,,,709 — 709 crackdown (on rights lawyers),public-deletion-ledgers,"Palimpsest erasure trail (1a338de1345e3f86123cff6ff16e3573), “Photo: Xanadu, by Xiquinho Silva”, first seen 2026-08-01T05:42:08Z, last seen 2026-08-01T05:42:08Z, SHA-256 79dd2052c13561375dfedb901a7a8d18d3a516513e8f0b2e1d5b6ce653f9a0a7. Public source: https://chinadigitaltimes.net/2026/07/photo-xanadu-by-xiquinho-silva/. Desk: https://palimpsest.info/news/china/erasure/#1a338de1345e3f86123cff6ff16e3573"
e71610d62d2f6b8cf199cb9a884e4229,Translation: No Scaling the Great Firewall in the Library,"The notice below was issued by the Hunan Library, a provincial institution located in Changsha. It announces the temporary suspension of library Wi-Fi in response to &#34;hazardous&#34; use of censorship circumvention tools. The message is underlined by the inclusion of partly redacted cellphone numbers belonging to three alleged offenders, implicitly reminding library patrons that network [&#8230","The notice below was issued by the Hunan Library, a provincial institution located in Changsha. It announces the temporary suspension of library Wi-Fi in response to &#34;hazardous&#34; use of censorship circumvention tools. The message is underlined by the inclusion of partly redacted cellphone numbers belonging to three alleged offenders, implicitly reminding library patrons that network [&#8230",,"Translation: No Scaling the Great Firewall in the Library
The notice below was issued by the Hunan Library, a provincial institution located in Changsha. It announces the temporary suspension of library Wi-Fi in response to &#34;hazardous&#34; use of censorship circumvention tools. The message is underlined by the inclusion of partly redacted cellphone numbers belonging to three alleged offenders, implicitly reminding library patrons that network [&#8230",en,no witnessed Wayback snapshot; lookup is an address to try | last-confirmed-alive is unknown,Changsha; Cyberspace Administration of China; Great Firewall; Hunan; Internet; Internet access; Internet censorship; censorship; cybersecurity; real name registration; wi-fi,ledger:cdt_english_root,https://chinadigitaltimes.net/2026/07/translation-no-scaling-the-great-firewall-in-the-library/,,2026-07-29T23:48:00Z,2026-07-29T23:48:00Z,,,ledger-reported 2026-07-29T23:48:00Z cdt_english_root — public deletion/blocking ledger item; not a Palimpsest liveness check,bc3e1de5e1390cd89819bb1dd18df5af0d387dc9426e31f7d3903c5f8cf081fe,https://web.archive.org/web/*/https://chinadigitaltimes.net/2026/07/translation-no-scaling-the-great-firewall-in-the-library/,,,https://archive.today/https://chinadigitaltimes.net/2026/07/translation-no-scaling-the-great-firewall-in-the-library/,https://ghostarchive.org/search?term=https://chinadigitaltimes.net/2026/07/translation-no-scaling-the-great-firewall-in-the-library/,,,,cdt_english_root | https://chinadigitaltimes.net/2026/07/translation-no-scaling-the-great-firewall-in-the-library/,,,,,,,,,,,,,,,,public-deletion-ledgers,"Palimpsest erasure trail (e71610d62d2f6b8cf199cb9a884e4229), “Translation: No Scaling the Great Firewall in the Library”, first seen 2026-07-29T23:48:00Z, last seen 2026-07-29T23:48:00Z, SHA-256 bc3e1de5e1390cd89819bb1dd18df5af0d387dc9426e31f7d3903c5f8cf081fe. Public source: https://chinadigitaltimes.net/2026/07/translation-no-scaling-the-great-firewall-in-the-library/. Desk: https://palimpsest.info/news/china/erasure/#e71610d62d2f6b8cf199cb9a884e4229"
c3daa8d664f9cdfa5a51bf88c1bf17a1,"Translations: “Sometimes Forgetting Is as Terrible as the Disaster.” Censored Reflections on the Deadly Zhengzhou Floods, Five Years On","Recent weeks have seen extreme weather across central and southern China, particularly in Guangxi, where a dam breach led to at least 26 deaths. These events sparked widespread online discussion about accountability for human failings that exacerbated the damage; lionization of rescue efforts as a distraction from those failings; official euphemisms such as &#34;a gap [&#8230;]","Recent weeks have seen extreme weather across central and southern China, particularly in Guangxi, where a dam breach led to at least 26 deaths. These events sparked widespread online discussion about accountability for human failings that exacerbated the damage; lionization of rescue efforts as a distraction from those failings; official euphemisms such as &#34;a gap [&#8230;]",,"Translations: “Sometimes Forgetting Is as Terrible as the Disaster.” Censored Reflections on the Deadly Zhengzhou Floods, Five Years On
Translations: “Sometimes Forgetting Is as Terrible as the Disaster.” Censored Reflections on the Deadly Zhengzhou Floods, Five Years On
DDTI terms: subway",en,"no witnessed Wayback snapshot; lookup is an address to try | no deletion-confirmation trail on this row | last-confirmed-alive is unknown | OONI/Bleedthrough join is instrument-level, not URL corroboration",subway; Chengdu; Henan; Li Zhi; Sometimes Forgetting Is as Terrible as the Disaster; State Council; Zhengzhou; accountability; censorship; drones; floods; mourning; natural disasters; online censorship; social media censorship,undertext:fusion:ddti,https://chinadigitaltimes.net/2026/07/translations-sometimes-forgetting-is-as-terrible-as-the-disaster-censored-reflections-on-the-deadly-zhengzhou-floods-five-years-on/,,2026-07-27T20:03:29Z,2026-07-27T20:03:29Z,,,ledger-reported 2026-07-27T20:03:29Z cdt_english_root — public deletion/blocking ledger item; not a Palimpsest liveness check,f637d9513b238437cb9195ecb5906a31a9045331857546a57e537282c3397975,https://web.archive.org/web/*/https://chinadigitaltimes.net/2026/07/translations-sometimes-forgetting-is-as-terrible-as-the-disaster-censored-reflections-on-the-deadly-zhengzhou-floods-five-years-on/,,,https://archive.today/https://chinadigitaltimes.net/2026/07/translations-sometimes-forgetting-is-as-terrible-as-the-disaster-censored-reflections-on-the-deadly-zhengzhou-floods-five-years-on/,https://ghostarchive.org/search?term=https://chinadigitaltimes.net/2026/07/translations-sometimes-forgetting-is-as-terrible-as-the-disaster-censored-reflections-on-the-deadly-zhengzhou-floods-five-years-on/,,,,cdt-public-article | https://chinadigitaltimes.net/2026/07/translations-sometimes-forgetting-is-as-terrible-as-the-disaster-censored-reflections-on-the-deadly-zhengzhou-floods-five-years-on/ | China Digital Times public article URL already on this record; not a private feed,gdelt:subway | https://palimpsest.info/readings/gdelt-latest.json | GDELT DOC 2.0 overlap on committed term 'subway'; label=unknown; global_norm=None; clock 2026-08-20T02:12:09Z. Not a deletion claim.,ooni-gfw | https://palimpsest.info/readings/ooni-gfw-latest.json | instrument-context-not-url-corroboration; GFW anomaly index 59.3 from 2026-08-20T01:55:29Z; not a claim about this URL,,,undertext-fusion | https://palimpsest.info/readings/undertext-latest.json | This record is the Palimpsest reconstruction itself,"bleedthrough | https://palimpsest.info/readings/bleedthrough-latest.json | instrument-context-not-url-corroboration; last reading 2026-08-17T00:57:15Z; forged-IP pool rotations, not a deletion of this post",,,,,,,,,,undertext,"Palimpsest erasure trail (c3daa8d664f9cdfa5a51bf88c1bf17a1), “Translations: “Sometimes Forgetting Is as Terrible as the Disaster.” Censored Reflections on the Deadly Zhengzhou Floods, Five Years On”, first seen 2026-07-27T20:03:29Z, last seen 2026-07-27T20:03:29Z, SHA-256 f637d9513b238437cb9195ecb5906a31a9045331857546a57e537282c3397975. Public source: https://chinadigitaltimes.net/2026/07/translations-sometimes-forgetting-is-as-terrible-as-the-disaster-censored-reflections-on-the-deadly-zhengzhou-floods-five-years-on/. Desk: https://palimpsest.info/news/china/erasure/#c3daa8d664f9cdfa5a51bf88c1bf17a1"
c7bbbaf77a97ad4060985b87b6ef86e4,"Photo: 广场鸽子, by Costi","div id=""attachment_705663"" style=""width: 610px"" class=""wp-caption aligncenter""img decoding=""async"" aria-describedby=""caption-attachment-705663"" src=""http://chinadigitaltimes.net/wp-content/uploads/2026/07/广场鸽子-by-Costi-e1784955261198.jpg"" alt=""A large gathering of pigeons in various hues dot the rain-slick paving stones of a large public square in Nanning, Guangxi province. Half a dozen people, so","div id=""attachment_705663"" style=""width: 610px"" class=""wp-caption aligncenter""img decoding=""async"" aria-describedby=""caption-attachment-705663"" src=""http://chinadigitaltimes.net/wp-content/uploads/2026/07/广场鸽子-by-Costi-e1784955261198.jpg"" alt=""A large gathering of pigeons in various hues dot the rain-slick paving stones of a large public square in Nanning, Guangxi province. Half a dozen people, so","Photo: 广场鸽子, by Costi
div id=""attachment_705663"" style=""width: 610px"" class=""wp-caption aligncenter""img decoding=""async"" aria-describedby=""caption-attachment-705663"" src=""http://chinadigitaltimes.net/wp-content/uploads/2026/07/广场鸽子-by-Costi-e1784955261198.jpg"" alt=""A large gathering of pigeons in various hues dot the rain-slick paving stones of a large public square in Nanning, Guangxi province. Half a dozen people, so",,zh,no witnessed Wayback snapshot; lookup is an address to try | last-confirmed-alive is unknown,Main Photo; 广场,ledger:cdt_english_root,https://chinadigitaltimes.net/2026/07/photo-%e5%b9%bf%e5%9c%ba%e9%b8%bd%e5%ad%90-by-costi/,,2026-07-25T04:56:55Z,2026-07-25T04:56:55Z,,,ledger-reported 2026-07-25T04:56:55Z cdt_english_root — public deletion/blocking ledger item; not a Palimpsest liveness check,8de88b40c9eeb07b21a8ecec72b530dbb0f8b7959696b9ca267c5be46438e42b,https://web.archive.org/web/*/https://chinadigitaltimes.net/2026/07/photo-%25e5%25b9%25bf%25e5%259c%25ba%25e9%25b8%25bd%25e5%25ad%2590-by-costi/,,,https://archive.today/https://chinadigitaltimes.net/2026/07/photo-%25e5%25b9%25bf%25e5%259c%25ba%25e9%25b8%25bd%25e5%25ad%2590-by-costi/,https://ghostarchive.org/search?term=https://chinadigitaltimes.net/2026/07/photo-%25e5%25b9%25bf%25e5%259c%25ba%25e9%25b8%25bd%25e5%25ad%2590-by-costi/,,,,cdt_english_root | https://chinadigitaltimes.net/2026/07/photo-%e5%b9%bf%e5%9c%ba%e9%b8%bd%e5%ad%90-by-costi/,,,,,,,,,,,,,,,广场 — the Square (Tiananmen),public-deletion-ledgers,"Palimpsest erasure trail (c7bbbaf77a97ad4060985b87b6ef86e4), “Photo: 广场鸽子, by Costi”, first seen 2026-07-25T04:56:55Z, last seen 2026-07-25T04:56:55Z, SHA-256 8de88b40c9eeb07b21a8ecec72b530dbb0f8b7959696b9ca267c5be46438e42b. Public source: https://chinadigitaltimes.net/2026/07/photo-%e5%b9%bf%e5%9c%ba%e9%b8%bd%e5%ad%90-by-costi/. Desk: https://palimpsest.info/news/china/erasure/#c7bbbaf77a97ad4060985b87b6ef86e4"
e43528b1d9cb695330326a628a160333,Translations: On Foreign and Domestic Media and “Man-Made Problems Lurking Behind Natural Disasters”,"Disaster preparedness and disaster-relief efforts are hot topics on Chinese social media as the country braces for as many as three new typhoons in the next ten days. This follows the devastation earlier this month of twin typhoons Bavi and Maysak, which caused 39 deaths in southern and central China, damaged farmland and livestock, prompted [&#8230;]","Disaster preparedness and disaster-relief efforts are hot topics on Chinese social media as the country braces for as many as three new typhoons in the next ten days. This follows the devastation earlier this month of twin typhoons Bavi and Maysak, which caused 39 deaths in southern and central China, damaged farmland and livestock, prompted [&#8230;]",,"Translations: On Foreign and Domestic Media and “Man-Made Problems Lurking Behind Natural Disasters”
Disaster preparedness and disaster-relief efforts are hot topics on Chinese social media as the country braces for as many as three new typhoons in the next ten days. This follows the devastation earlier this month of twin typhoons Bavi and Maysak, which caused 39 deaths in southern and central China, damaged farmland and livestock, prompted [&#8230;]",en,no witnessed Wayback snapshot; lookup is an address to try | last-confirmed-alive is unknown,CDT translation; Environment; Internet censorship; Man-Made Problems Lurking Behind Natural Disasters; dams; death toll; disaster relief; emergency response; environment; floods; infrastructure; investigative journalism; media censorship; natural disasters; online censorship; rainfall; reporting; reservoirs; social media censorship; state media; storms; typhoons,ledger:cdt_english_root,https://chinadigitaltimes.net/2026/07/translations-on-foreign-and-domestic-media-and-man-made-problems-lurking-behind-natural-disasters/,,2026-07-24T22:16:02Z,2026-07-24T22:16:02Z,,,ledger-reported 2026-07-24T22:16:02Z cdt_english_root — public deletion/blocking ledger item; not a Palimpsest liveness check,b1b52867d6c1359b5027120338181ca33c73c79a66ef195d518030bb1c74c324,https://web.archive.org/web/*/https://chinadigitaltimes.net/2026/07/translations-on-foreign-and-domestic-media-and-man-made-problems-lurking-behind-natural-disasters/,,,https://archive.today/https://chinadigitaltimes.net/2026/07/translations-on-foreign-and-domestic-media-and-man-made-problems-lurking-behind-natural-disasters/,https://ghostarchive.org/search?term=https://chinadigitaltimes.net/2026/07/translations-on-foreign-and-domestic-media-and-man-made-problems-lurking-behind-natural-disasters/,,,,cdt_english_root | https://chinadigitaltimes.net/2026/07/translations-on-foreign-and-domestic-media-and-man-made-problems-lurking-behind-natural-disasters/,,,,,,,,,,,,,,,,public-deletion-ledgers,"Palimpsest erasure trail (e43528b1d9cb695330326a628a160333), “Translations: On Foreign and Domestic Media and “Man-Made Problems Lurking Behind Natural Disasters””, first seen 2026-07-24T22:16:02Z, last seen 2026-07-24T22:16:02Z, SHA-256 b1b52867d6c1359b5027120338181ca33c73c79a66ef195d518030bb1c74c324. Public source: https://chinadigitaltimes.net/2026/07/translations-on-foreign-and-domestic-media-and-man-made-problems-lurking-behind-natural-disasters/. Desk: https://palimpsest.info/news/china/erasure/#e43528b1d9cb695330326a628a160333"
df3502efbd693ef810b060fe10c2b9f8,"Amid Hong Kong Book Fair, Police Raid Two More Independent Bookstores, Arrest Five Booksellers","In yet another blow for book lovers and free thinkers in Hong Kong, national security police raided two independent bookstores (Have a Nice Stay and Greenfield, respectively) and arrested five individuals on suspicion of selling allegedly seditious publications, an offence punishable with up to seven years in prison under Hong Kong&#8217;s homegrown national security law [&#8230;]","In yet another blow for book lovers and free thinkers in Hong Kong, national security police raided two independent bookstores (Have a Nice Stay and Greenfield, respectively) and arrested five individuals on suspicion of selling allegedly seditious publications, an offence punishable with up to seven years in prison under Hong Kong&#8217;s homegrown national security law [&#8230;]",,"Amid Hong Kong Book Fair, Police Raid Two More Independent Bookstores, Arrest Five Booksellers
In yet another blow for book lovers and free thinkers in Hong Kong, national security police raided two independent bookstores (Have a Nice Stay and Greenfield, respectively) and arrested five individuals on suspicion of selling allegedly seditious publications, an offence punishable with up to seven years in prison under Hong Kong&#8217;s homegrown national security law [&#8230;]",en,no witnessed Wayback snapshot; lookup is an address to try | last-confirmed-alive is unknown,Culture & the Arts; Hong Kong; anti-sedition laws; arrests; banned books; book ban; book banning; discourse censorship; freedom of expression; freedom of information; hong kong censorship; hong kong national security law; hong kong publishing,ledger:cdt_english_root,https://chinadigitaltimes.net/2026/07/amid-hong-kong-book-fair-police-raid-two-more-independent-bookstores-arrest-five-booksellers/,,2026-07-20T15:21:45Z,2026-07-20T15:21:45Z,,,ledger-reported 2026-07-20T15:21:45Z cdt_english_root — public deletion/blocking ledger item; not a Palimpsest liveness check,0589b4922259aad3cf91f267c4cea7779e8661c13d0683f53e45092c5ec08b94,https://web.archive.org/web/*/https://chinadigitaltimes.net/2026/07/amid-hong-kong-book-fair-police-raid-two-more-independent-bookstores-arrest-five-booksellers/,,,https://archive.today/https://chinadigitaltimes.net/2026/07/amid-hong-kong-book-fair-police-raid-two-more-independent-bookstores-arrest-five-booksellers/,https://ghostarchive.org/search?term=https://chinadigitaltimes.net/2026/07/amid-hong-kong-book-fair-police-raid-two-more-independent-bookstores-arrest-five-booksellers/,,,,cdt_english_root | https://chinadigitaltimes.net/2026/07/amid-hong-kong-book-fair-police-raid-two-more-independent-bookstores-arrest-five-booksellers/,,,,,,,,,,,,,,,,public-deletion-ledgers,"Palimpsest erasure trail (df3502efbd693ef810b060fe10c2b9f8), “Amid Hong Kong Book Fair, Police Raid Two More Independent Bookstores, Arrest Five Booksellers”, first seen 2026-07-20T15:21:45Z, last seen 2026-07-20T15:21:45Z, SHA-256 0589b4922259aad3cf91f267c4cea7779e8661c13d0683f53e45092c5ec08b94. Public source: https://chinadigitaltimes.net/2026/07/amid-hong-kong-book-fair-police-raid-two-more-independent-bookstores-arrest-five-booksellers/. Desk: https://palimpsest.info/news/china/erasure/#df3502efbd693ef810b060fe10c2b9f8"
1793301bbf905d3a626de2388ea72adb,[wayback:mutation] 国家统计局 最新发布,silent redaction between https://web.archive.org/web/20230316105547/http://www.stats.gov.cn/sj/zxfb/ and https://web.archive.org/web/20230316115128/http://www.stats.gov.cn/sj/zxfb/,silent redaction between https://web.archive.org/web/20230316105547/http://www.stats.gov.cn/sj/zxfb/ and https://web.archive.org/web/20230316115128/http://www.stats.gov.cn/sj/zxfb/,,,,,,wayback:reconstruction,,,2023-03-16T10:55:47Z,2026-06-25T17:19:24Z,2023-03-16T10:55:47Z,mutation,,24f65b2462127840121b39bbe82143f69e413fe37e0f81a8060af7f3d5a37478,,https://web.archive.org/web/20230316105547/http://www.stats.gov.cn/sj/zxfb/,,,,,,,,,,,,,,,,,,,,,,国家统计局 最新发布,wayback,"Palimpsest erasure trail (1793301bbf905d3a626de2388ea72adb), “[wayback:mutation] 国家统计局 最新发布”, first seen 2023-03-16T10:55:47Z, last seen 2026-06-25T17:19:24Z, SHA-256 24f65b2462127840121b39bbe82143f69e413fe37e0f81a8060af7f3d5a37478. Public source: https://palimpsest.info/news/china/erasure/#1793301bbf905d3a626de2388ea72adb. Desk: https://palimpsest.info/news/china/erasure/#1793301bbf905d3a626de2388ea72adb"
c32211602279825ee425aa9e0e667af2,Translation: “How Do These Comments Break the Rules?”,"Translation: “How Do These Comments Break the Rules?”
DDTI terms: United States","Translation: “How Do These Comments Break the Rules?”
DDTI terms: United States",,"Translation: “How Do These Comments Break the Rules?”
Translation: “How Do These Comments Break the Rules?”
DDTI terms: United States",en,"no witnessed Wayback snapshot; lookup is an address to try | public text is title/term only; article body was not captured | no deletion-confirmation trail on this row | last-confirmed-alive is unknown | OONI/Bleedthrough join is instrument-level, not URL corroboration",United States,undertext:fusion:ddti,https://chinadigitaltimes.net/2026/07/translation-how-do-these-comments-break-the-rules/,,2026-03-09T23:19:55Z,2026-03-09T23:19:55Z,,,,7f5a7e56aa15aa2c5f0e2d58bcfcdef8bb44c92a4519fd6825edf54b7c9debe7,https://web.archive.org/web/*/https://chinadigitaltimes.net/2026/07/translation-how-do-these-comments-break-the-rules/,,,https://archive.today/https://chinadigitaltimes.net/2026/07/translation-how-do-these-comments-break-the-rules/,https://ghostarchive.org/search?term=https://chinadigitaltimes.net/2026/07/translation-how-do-these-comments-break-the-rules/,,,,cdt-public-article | https://chinadigitaltimes.net/2026/07/translation-how-do-these-comments-break-the-rules/ | China Digital Times public article URL already on this record; not a private feed,,ooni-gfw | https://palimpsest.info/readings/ooni-gfw-latest.json | instrument-context-not-url-corroboration; GFW anomaly index 59.3 from 2026-08-20T01:55:29Z; not a claim about this URL,,,undertext-fusion | https://palimpsest.info/readings/undertext-latest.json | This record is the Palimpsest reconstruction itself,"bleedthrough | https://palimpsest.info/readings/bleedthrough-latest.json | instrument-context-not-url-corroboration; last reading 2026-08-17T00:57:15Z; forged-IP pool rotations, not a deletion of this post",,,,,,,,,,undertext,"Palimpsest erasure trail (c32211602279825ee425aa9e0e667af2), “Translation: “How Do These Comments Break the Rules?””, first seen 2026-03-09T23:19:55Z, last seen 2026-03-09T23:19:55Z, SHA-256 7f5a7e56aa15aa2c5f0e2d58bcfcdef8bb44c92a4519fd6825edf54b7c9debe7. Public source: https://chinadigitaltimes.net/2026/07/translation-how-do-these-comments-break-the-rules/. Desk: https://palimpsest.info/news/china/erasure/#c32211602279825ee425aa9e0e667af2"
05383f434d962f03aa7da624e89d746b,CDT’s “404 Deleted Content Archive” Summary for June 2026,"CDT presents a monthly series of censored content that has been added to our “404 Deleted Content Archive.” Each month, we publish a summary of content blocked or deleted (often yielding the message “404: content not found”) from Chinese platforms such as WeChat, Weibo, Douyin (TikTok’s counterpart in the Chinese market), Xiaohongshu (RedNote), Bilibili, Zhihu, [&#8230;]","CDT presents a monthly series of censored content that has been added to our “404 Deleted Content Archive.” Each month, we publish a summary of content blocked or deleted (often yielding the message “404: content not found”) from Chinese platforms such as WeChat, Weibo, Douyin (TikTok’s counterpart in the Chinese market), Xiaohongshu (RedNote), Bilibili, Zhihu, [&#8230;]",,"CDT’s “404 Deleted Content Archive” Summary for June 2026
CDT’s “404 Deleted Content Archive” Summary for June 2026
DDTI terms: social media censorship, Internet censorship, online censorship, nationalism",en,"no witnessed Wayback snapshot; lookup is an address to try | no deletion-confirmation trail on this row | last-confirmed-alive is unknown | OONI/Bleedthrough join is instrument-level, not URL corroboration",social media censorship; Internet censorship; online censorship; nationalism; 404; 404 Deleted Content Archive; Censorship Vault; Douyin; Economics; June 4th; WeChat; Weibo; World Cup; activism; activists; animal protection; animals; arrests; blue-collar workers; business; dogs; employment; extortion; legislation; local government; market-economy; police; police violence; protesters; protests; soccer; sports; translation excerpt; transportation; unemployment; white-collar workers; workers,undertext:fusion:ddti,https://chinadigitaltimes.net/2026/07/cdts-404-deleted-content-archive-summary-for-june-2026/,,2026-02-23T02:11:05Z,2026-03-04T22:42:51Z,,,ledger-reported 2026-07-31T21:15:07Z cdt_english_root — public deletion/blocking ledger item; not a Palimpsest liveness check,288583a8626bb6ceaeaac34c9c0de889525278f80e66f7350ffd3734346b2f4f,https://web.archive.org/web/*/https://chinadigitaltimes.net/2026/07/cdts-404-deleted-content-archive-summary-for-june-2026/,,,https://archive.today/https://chinadigitaltimes.net/2026/07/cdts-404-deleted-content-archive-summary-for-june-2026/,https://ghostarchive.org/search?term=https://chinadigitaltimes.net/2026/07/cdts-404-deleted-content-archive-summary-for-june-2026/,,,,cdt-public-article | https://chinadigitaltimes.net/2026/07/cdts-404-deleted-content-archive-summary-for-june-2026/ | China Digital Times public article URL already on this record; not a private feed,gdelt:social media censorship | https://palimpsest.info/readings/gdelt-latest.json | GDELT DOC 2.0 overlap on committed term 'social media censorship'; label=unknown; global_norm=None; clock 2026-08-20T02:12:09Z. Not a deletion claim.,ooni-gfw | https://palimpsest.info/readings/ooni-gfw-latest.json | instrument-context-not-url-corroboration; GFW anomaly index 59.3 from 2026-08-20T01:55:29Z; not a claim about this URL,,,undertext-fusion | https://palimpsest.info/readings/undertext-latest.json | This record is the Palimpsest reconstruction itself,"bleedthrough | https://palimpsest.info/readings/bleedthrough-latest.json | instrument-context-not-url-corroboration; last reading 2026-08-17T00:57:15Z; forged-IP pool rotations, not a deletion of this post",,,,,,,,,404 — deleted / not found,undertext,"Palimpsest erasure trail (05383f434d962f03aa7da624e89d746b), “CDT’s “404 Deleted Content Archive” Summary for June 2026”, first seen 2026-02-23T02:11:05Z, last seen 2026-03-04T22:42:51Z, SHA-256 288583a8626bb6ceaeaac34c9c0de889525278f80e66f7350ffd3734346b2f4f. Public source: https://chinadigitaltimes.net/2026/07/cdts-404-deleted-content-archive-summary-for-june-2026/. Desk: https://palimpsest.info/news/china/erasure/#05383f434d962f03aa7da624e89d746b"
8748fd6372c36ee0a398a0d10247cec4,Translation: Migrant Worker Jing Shuren On Trial After Two-Year Detention for Reposting Unpaid Wage Complaints,"Late last month, Caixin published an update on the case, prompting commentator and former investigative journalist Chu Chaoxin to post a belated but heartfelt plea for Jing Shuren&#8217;s release. He emphasizes that Jing was for the most part only reposting others&#8217; content, and there is no sign that he took payment for this. Chu writes [&#8230;]","Late last month, Caixin published an update on the case, prompting commentator and former investigative journalist Chu Chaoxin to post a belated but heartfelt plea for Jing Shuren&#8217;s release. He emphasizes that Jing was for the most part only reposting others&#8217; content, and there is no sign that he took payment for this. Chu writes [&#8230;]",,"Translation: Migrant Worker Jing Shuren On Trial After Two-Year Detention for Reposting Unpaid Wage Complaints
Translation: Migrant Worker Jing Shuren On Trial After Two-Year Detention for Reposting Unpaid Wage Complaints
DDTI terms: social media",en,"no witnessed Wayback snapshot; lookup is an address to try | no deletion-confirmation trail on this row | last-confirmed-alive is unknown | OONI/Bleedthrough join is instrument-level, not URL corroboration",social media; Caixin; Gansu; Lanzhou; defending rights; migrant workers; trials; unpaid wages,undertext:fusion:ddti,https://chinadigitaltimes.net/2026/08/translation-migrant-worker-jing-shuren-on-trial-after-two-year-detention-for-reposting-unpaid-wage-complaints/,,2026-03-04T07:21:40Z,2026-03-04T07:21:40Z,,,ledger-reported 2026-08-11T02:57:16Z cdt_english_root — public deletion/blocking ledger item; not a Palimpsest liveness check,ade291f8b46273d2ad58ccbfb5d3bcda988585842132666d1620b8e215684293,https://web.archive.org/web/*/https://chinadigitaltimes.net/2026/08/translation-migrant-worker-jing-shuren-on-trial-after-two-year-detention-for-reposting-unpaid-wage-complaints/,,,https://archive.today/https://chinadigitaltimes.net/2026/08/translation-migrant-worker-jing-shuren-on-trial-after-two-year-detention-for-reposting-unpaid-wage-complaints/,https://ghostarchive.org/search?term=https://chinadigitaltimes.net/2026/08/translation-migrant-worker-jing-shuren-on-trial-after-two-year-detention-for-reposting-unpaid-wage-complaints/,,,,cdt-public-article | https://chinadigitaltimes.net/2026/08/translation-migrant-worker-jing-shuren-on-trial-after-two-year-detention-for-reposting-unpaid-wage-complaints/ | China Digital Times public article URL already on this record; not a private feed,,ooni-gfw | https://palimpsest.info/readings/ooni-gfw-latest.json | instrument-context-not-url-corroboration; GFW anomaly index 59.3 from 2026-08-20T01:55:29Z; not a claim about this URL,,,undertext-fusion | https://palimpsest.info/readings/undertext-latest.json | This record is the Palimpsest reconstruction itself,"bleedthrough | https://palimpsest.info/readings/bleedthrough-latest.json | instrument-context-not-url-corroboration; last reading 2026-08-17T00:57:15Z; forged-IP pool rotations, not a deletion of this post",,,,,,,,,,undertext,"Palimpsest erasure trail (8748fd6372c36ee0a398a0d10247cec4), “Translation: Migrant Worker Jing Shuren On Trial After Two-Year Detention for Reposting Unpaid Wage Complaints”, first seen 2026-03-04T07:21:40Z, last seen 2026-03-04T07:21:40Z, SHA-256 ade291f8b46273d2ad58ccbfb5d3bcda988585842132666d1620b8e215684293. Public source: https://chinadigitaltimes.net/2026/08/translation-migrant-worker-jing-shuren-on-trial-after-two-year-detention-for-reposting-unpaid-wage-complaints/. Desk: https://palimpsest.info/news/china/erasure/#8748fd6372c36ee0a398a0d10247cec4"
3301fc6813c3dac9570ce7e0dd5260d7,Minitrue: 718 Leaked Directives from Video Platform LeTV,"Minitrue: 718 Leaked Directives from Video Platform LeTV
DDTI terms: social media","Minitrue: 718 Leaked Directives from Video Platform LeTV
DDTI terms: social media",,"Minitrue: 718 Leaked Directives from Video Platform LeTV
Minitrue: 718 Leaked Directives from Video Platform LeTV
DDTI terms: social media",en,"no witnessed Wayback snapshot; lookup is an address to try | no deletion-confirmation trail on this row | last-confirmed-alive is unknown | OONI/Bleedthrough join is instrument-level, not URL corroboration",social media,undertext:fusion:ddti,https://chinadigitaltimes.net/2026/07/minitrue-718-leaked-directives-from-video-platform-letv/,,2026-03-04T07:21:40Z,2026-03-04T07:21:40Z,,,,d8139588fbffe7d6dd490bae10585c05078951eb8029284308a30b9ec40fa57d,https://web.archive.org/web/*/https://chinadigitaltimes.net/2026/07/minitrue-718-leaked-directives-from-video-platform-letv/,,,https://archive.today/https://chinadigitaltimes.net/2026/07/minitrue-718-leaked-directives-from-video-platform-letv/,https://ghostarchive.org/search?term=https://chinadigitaltimes.net/2026/07/minitrue-718-leaked-directives-from-video-platform-letv/,,,,cdt-public-article | https://chinadigitaltimes.net/2026/07/minitrue-718-leaked-directives-from-video-platform-letv/ | China Digital Times public article URL already on this record; not a private feed,,ooni-gfw | https://palimpsest.info/readings/ooni-gfw-latest.json | instrument-context-not-url-corroboration; GFW anomaly index 59.3 from 2026-08-20T01:55:29Z; not a claim about this URL,,,undertext-fusion | https://palimpsest.info/readings/undertext-latest.json | This record is the Palimpsest reconstruction itself,"bleedthrough | https://palimpsest.info/readings/bleedthrough-latest.json | instrument-context-not-url-corroboration; last reading 2026-08-17T00:57:15Z; forged-IP pool rotations, not a deletion of this post",,,,,,,,,,undertext,"Palimpsest erasure trail (3301fc6813c3dac9570ce7e0dd5260d7), “Minitrue: 718 Leaked Directives from Video Platform LeTV”, first seen 2026-03-04T07:21:40Z, last seen 2026-03-04T07:21:40Z, SHA-256 d8139588fbffe7d6dd490bae10585c05078951eb8029284308a30b9ec40fa57d. Public source: https://chinadigitaltimes.net/2026/07/minitrue-718-leaked-directives-from-video-platform-letv/. Desk: https://palimpsest.info/news/china/erasure/#3301fc6813c3dac9570ce7e0dd5260d7"
ee4e1e7942a8fa3faf13c5145799a089,"Photo: CHINA – PINGYAO, by Pierre Doyen","div id=""attachment_705721"" style=""width: 610px"" class=""wp-caption aligncenter""img decoding=""async"" aria-describedby=""caption-attachment-705721"" src=""http://chinadigitaltimes.net/wp-content/uploads/2026/08/CHINA-PINGYAO-by-Pierre-Doyen-e1786743725587.jpg"" alt=""An aerial view of a long narrow alleyway lined on both sides by traditional buildings with ornate yellow-orange rooftops and eaves hung with","div id=""attachment_705721"" style=""width: 610px"" class=""wp-caption aligncenter""img decoding=""async"" aria-describedby=""caption-attachment-705721"" src=""http://chinadigitaltimes.net/wp-content/uploads/2026/08/CHINA-PINGYAO-by-Pierre-Doyen-e1786743725587.jpg"" alt=""An aerial view of a long narrow alleyway lined on both sides by traditional buildings with ornate yellow-orange rooftops and eaves hung with",,"Photo: CHINA – PINGYAO, by Pierre Doyen
Photo: CHINA – PINGYAO, by Pierre Doyen
DDTI terms: WeChat",en,"no witnessed Wayback snapshot; lookup is an address to try | public text is title/term only; article body was not captured | no deletion-confirmation trail on this row | last-confirmed-alive is unknown | OONI/Bleedthrough join is instrument-level, not URL corroboration",WeChat; Main Photo,undertext:fusion:ddti,https://chinadigitaltimes.net/2026/08/photo-china-pingyao-by-pierre-doyen/,,2026-02-21T04:06:58Z,2026-02-21T04:06:58Z,,,ledger-reported 2026-08-14T21:45:24Z cdt_english_root — public deletion/blocking ledger item; not a Palimpsest liveness check,6ca36b216ca49662370a80fa3f7500aa5803bee022f83531db8348242755f826,https://web.archive.org/web/*/https://chinadigitaltimes.net/2026/08/photo-china-pingyao-by-pierre-doyen/,,,https://archive.today/https://chinadigitaltimes.net/2026/08/photo-china-pingyao-by-pierre-doyen/,https://ghostarchive.org/search?term=https://chinadigitaltimes.net/2026/08/photo-china-pingyao-by-pierre-doyen/,,,,cdt-public-article | https://chinadigitaltimes.net/2026/08/photo-china-pingyao-by-pierre-doyen/ | China Digital Times public article URL already on this record; not a private feed,gdelt:WeChat | https://palimpsest.info/readings/gdelt-latest.json | GDELT DOC 2.0 overlap on committed term 'WeChat'; label=unknown; global_norm=None; clock 2026-08-20T02:12:09Z. Not a deletion claim.,ooni-gfw | https://palimpsest.info/readings/ooni-gfw-latest.json | instrument-context-not-url-corroboration; GFW anomaly index 59.3 from 2026-08-20T01:55:29Z; not a claim about this URL,,,undertext-fusion | https://palimpsest.info/readings/undertext-latest.json | This record is the Palimpsest reconstruction itself,"bleedthrough | https://palimpsest.info/readings/bleedthrough-latest.json | instrument-context-not-url-corroboration; last reading 2026-08-17T00:57:15Z; forged-IP pool rotations, not a deletion of this post",,,,,,,,,,undertext,"Palimpsest erasure trail (ee4e1e7942a8fa3faf13c5145799a089), “Photo: CHINA – PINGYAO, by Pierre Doyen”, first seen 2026-02-21T04:06:58Z, last seen 2026-02-21T04:06:58Z, SHA-256 6ca36b216ca49662370a80fa3f7500aa5803bee022f83531db8348242755f826. Public source: https://chinadigitaltimes.net/2026/08/photo-china-pingyao-by-pierre-doyen/. Desk: https://palimpsest.info/news/china/erasure/#ee4e1e7942a8fa3faf13c5145799a089"
712c83385e039512c7a63f6c731a2663,[wayback:no_baseline] 烂尾楼,no_baseline,no_baseline,[undertext:no_baseline] 烂尾楼,no_baseline,mixed,"no witnessed Wayback snapshot; lookup is an address to try | public text is title/term only; article body was not captured | last-confirmed-alive is unknown | no China Digital Times ledger join | OONI/Bleedthrough join is instrument-level, not URL corroboration",烂尾楼,wayback:reconstruction,https://baike.baidu.com/item/%E7%83%82%E5%B0%BE%E6%A5%BC,,2020-10-14T05:28:15Z,2020-10-14T05:28:15Z,2020-10-14T05:28:15Z,no_baseline,no_baseline 2020-10-14T05:28:15Z wayback — no_baseline,a2f0d0c8423cf188433bf8c2579747c1bae17f95e6af55d48c3d1663c620e75f,https://web.archive.org/web/*/https://baike.baidu.com/item/%E7%83%82%E5%B0%BE%E6%A5%BC,,,https://archive.today/https://baike.baidu.com/item/%E7%83%82%E5%B0%BE%E6%A5%BC,https://ghostarchive.org/search?term=https://baike.baidu.com/item/%E7%83%82%E5%B0%BE%E6%A5%BC,,,,,,ooni-gfw | https://palimpsest.info/readings/ooni-gfw-latest.json | instrument-context-not-url-corroboration; GFW anomaly index 59.3 from 2026-08-20T01:55:29Z; not a claim about this URL,,,undertext-fusion | https://palimpsest.info/readings/undertext-latest.json | This record is the Palimpsest reconstruction itself,"bleedthrough | https://palimpsest.info/readings/bleedthrough-latest.json | instrument-context-not-url-corroboration; last reading 2026-08-17T00:57:15Z; forged-IP pool rotations, not a deletion of this post",,,,,,,,,烂尾楼 — unfinished/abandoned buildings; 烂尾楼,wayback,"Palimpsest erasure trail (712c83385e039512c7a63f6c731a2663), “[wayback:no_baseline] 烂尾楼”, first seen 2020-10-14T05:28:15Z, last seen 2020-10-14T05:28:15Z, SHA-256 a2f0d0c8423cf188433bf8c2579747c1bae17f95e6af55d48c3d1663c620e75f. Public source: https://baike.baidu.com/item/%E7%83%82%E5%B0%BE%E6%A5%BC. Desk: https://palimpsest.info/news/china/erasure/#712c83385e039512c7a63f6c731a2663"
00f7a5af17c42cb637b0949921facbde,[wayback:deletion] 中国政府网,present→gone; deletion bracketed in [20120427183500 .. 20120429014035]; last-live https://web.archive.org/web/20120427183500/http://www.gov.cn/,present→gone; deletion bracketed in [20120427183500 .. 20120429014035]; last-live https://web.archive.org/web/20120427183500/http://www.gov.cn/,,,,,,wayback:reconstruction,,,1999-04-28T09:52:13Z,2016-04-30T00:46:40Z,1999-04-28T09:52:13Z,deletion,,ffd6e8a2c70110a5fb2343d0e1b5711b03e4c42c6c42147439182b6e8c82b825,,https://web.archive.org/web/20120427183500/http://www.gov.cn/,,,,,,,,,,,,,,,,,,,,,,中国政府网,wayback,"Palimpsest erasure trail (00f7a5af17c42cb637b0949921facbde), “[wayback:deletion] 中国政府网”, first seen 1999-04-28T09:52:13Z, last seen 2016-04-30T00:46:40Z, SHA-256 ffd6e8a2c70110a5fb2343d0e1b5711b03e4c42c6c42147439182b6e8c82b825. Public source: https://palimpsest.info/news/china/erasure/#00f7a5af17c42cb637b0949921facbde. Desk: https://palimpsest.info/news/china/erasure/#00f7a5af17c42cb637b0949921facbde"
98fa589068234a397af205d3b77982ee,[wayback:deletion] 人民网,present→gone; deletion bracketed in [20041127094540 .. 20041128025406]; last-live https://web.archive.org/web/20041127094540/http://www.people.com.cn:80/,present→gone; deletion bracketed in [20041127094540 .. 20041128025406]; last-live https://web.archive.org/web/20041127094540/http://www.people.com.cn:80/,,,,,,wayback:reconstruction,,,1999-01-25T10:21:47Z,2011-11-15T17:16:26Z,1999-01-25T10:21:47Z,deletion,,da002530606ccd451ad60e654c91dc92b00b20c8a93a6ec7f0d01ab95bdc7bb2,,https://web.archive.org/web/20041127094540/http://www.people.com.cn:80/,,,,,,,,,,,,,,,,,,,,,,人民网,wayback,"Palimpsest erasure trail (98fa589068234a397af205d3b77982ee), “[wayback:deletion] 人民网”, first seen 1999-01-25T10:21:47Z, last seen 2011-11-15T17:16:26Z, SHA-256 da002530606ccd451ad60e654c91dc92b00b20c8a93a6ec7f0d01ab95bdc7bb2. Public source: https://palimpsest.info/news/china/erasure/#98fa589068234a397af205d3b77982ee. Desk: https://palimpsest.info/news/china/erasure/#98fa589068234a397af205d3b77982ee"
fdf5b34eb62536c6ddb5d3fcf8453909,[wayback:no_baseline] 青年失业率,no_baseline,no_baseline,,,,,,wayback:reconstruction,,,,,,no_baseline,,085aaa846a438d0edbde6c908bb712b69da2e8784311b3ad7d52eccc435167c8,,,,,,,,,,,,,,,,,,,,,,,,青年失业率,wayback,"Palimpsest erasure trail (fdf5b34eb62536c6ddb5d3fcf8453909), “[wayback:no_baseline] 青年失业率”, first seen unknown, last seen unknown, SHA-256 085aaa846a438d0edbde6c908bb712b69da2e8784311b3ad7d52eccc435167c8. Public source: https://palimpsest.info/news/china/erasure/#fdf5b34eb62536c6ddb5d3fcf8453909. Desk: https://palimpsest.info/news/china/erasure/#fdf5b34eb62536c6ddb5d3fcf8453909"
fb494f268a509c83674e6a986ef91a54,[wayback:unreachable] 教育部,unreachable,unreachable,,,,,,wayback:reconstruction,https://www.moe.gov.cn/,,,,,unreachable,,c4efa3a900482db60c58eee43dc7cc59e9d8666320f9947a3cbd1fcc88558c89,https://web.archive.org/web/*/https://www.moe.gov.cn/,,,https://archive.today/https://www.moe.gov.cn/,https://ghostarchive.org/search?term=https://www.moe.gov.cn/,,,,,,,,,,,,,,,,,,,教育部,wayback,"Palimpsest erasure trail (fb494f268a509c83674e6a986ef91a54), “[wayback:unreachable] 教育部”, first seen unknown, last seen unknown, SHA-256 c4efa3a900482db60c58eee43dc7cc59e9d8666320f9947a3cbd1fcc88558c89. Public source: https://www.moe.gov.cn/. Desk: https://palimpsest.info/news/china/erasure/#fb494f268a509c83674e6a986ef91a54"
f88a9fabb74b7396fb09e86cb85c4a39,25岁小伙见网恋女友失联近两年,"25岁小伙见网恋女友失联近两年
临沂爆炸事故1死2失联
美莎克致广西两地159死10失联
失联","25岁小伙见网恋女友失联近两年
临沂爆炸事故1死2失联
美莎克致广西两地159死10失联
失联","25岁小伙见网恋女友失联近两年
25岁小伙见网恋女友失联近两年
临沂爆炸事故1死2失联
美莎克致广西两地159死10失联
失联",,zh,no public source URL on this row | no witnessed Wayback snapshot; lookup is an address to try | public text is title/term only; article body was not captured | no deletion-confirmation trail on this row | last-confirmed-alive is unknown | no China Digital Times ledger join,失联,weibo-hotsearch,,,,,,,,f122c5ccf705d2c070806ab5a6e3ae99b961d2f195e49e9a8dbc6a6182989f9d,,,,,,,,,,,,,,,,,,,,,,,,失联 — lost contact = disappeared,weibo-hotsearch,"Palimpsest erasure trail (f88a9fabb74b7396fb09e86cb85c4a39), “25岁小伙见网恋女友失联近两年”, first seen unknown, last seen unknown, SHA-256 f122c5ccf705d2c070806ab5a6e3ae99b961d2f195e49e9a8dbc6a6182989f9d. Public source: https://palimpsest.info/news/china/erasure/#f88a9fabb74b7396fb09e86cb85c4a39. Desk: https://palimpsest.info/news/china/erasure/#f88a9fabb74b7396fb09e86cb85c4a39"
f6f3f33eac5c345718fd0a78c73f574e,[wayback:unreachable] Xinhua English,unreachable,unreachable,,,,,,wayback:reconstruction,https://english.news.cn/,,,,,unreachable,,4e4d0d4d462cce438381facad96db65334c095a3f13d2a943180a93c4c881db5,https://web.archive.org/web/*/https://english.news.cn/,,,https://archive.today/https://english.news.cn/,https://ghostarchive.org/search?term=https://english.news.cn/,,,,,,,,,,,,,,,,,,,Xinhua English,wayback,"Palimpsest erasure trail (f6f3f33eac5c345718fd0a78c73f574e), “[wayback:unreachable] Xinhua English”, first seen unknown, last seen unknown, SHA-256 4e4d0d4d462cce438381facad96db65334c095a3f13d2a943180a93c4c881db5. Public source: https://english.news.cn/. Desk: https://palimpsest.info/news/china/erasure/#f6f3f33eac5c345718fd0a78c73f574e"
f5eb79776d27ece4c2a1d5f339b24fce,[wayback:unreachable] 六四事件,unreachable,unreachable,,,,,,wayback:reconstruction,https://baike.baidu.com/item/%E5%85%AD%E5%9B%9B%E4%BA%8B%E4%BB%B6,,,,,unreachable,,0f2e58174ac3cf8734ec9d6649af33fe20d1676414ba87e231aaf6d9497e1d86,https://web.archive.org/web/*/https://baike.baidu.com/item/%E5%85%AD%E5%9B%9B%E4%BA%8B%E4%BB%B6,,,https://archive.today/https://baike.baidu.com/item/%E5%85%AD%E5%9B%9B%E4%BA%8B%E4%BB%B6,https://ghostarchive.org/search?term=https://baike.baidu.com/item/%E5%85%AD%E5%9B%9B%E4%BA%8B%E4%BB%B6,,,,,,,,,,,,,,,,,,,六四事件,wayback,"Palimpsest erasure trail (f5eb79776d27ece4c2a1d5f339b24fce), “[wayback:unreachable] 六四事件”, first seen unknown, last seen unknown, SHA-256 0f2e58174ac3cf8734ec9d6649af33fe20d1676414ba87e231aaf6d9497e1d86. Public source: https://baike.baidu.com/item/%E5%85%AD%E5%9B%9B%E4%BA%8B%E4%BB%B6. Desk: https://palimpsest.info/news/china/erasure/#f5eb79776d27ece4c2a1d5f339b24fce"
e701784bf3ef229fa735c1bcf7e28357,[wayback:unreachable] 中国人民银行,unreachable,unreachable,,,,,,wayback:reconstruction,https://www.pbc.gov.cn/,,,,,unreachable,,70d3422b45a158cb59540cd876ecba183f25b14f3adcf5cf196c3c13d36b03ed,https://web.archive.org/web/*/https://www.pbc.gov.cn/,,,https://archive.today/https://www.pbc.gov.cn/,https://ghostarchive.org/search?term=https://www.pbc.gov.cn/,,,,,,,,,,,,,,,,,,,中国人民银行,wayback,"Palimpsest erasure trail (e701784bf3ef229fa735c1bcf7e28357), “[wayback:unreachable] 中国人民银行”, first seen unknown, last seen unknown, SHA-256 70d3422b45a158cb59540cd876ecba183f25b14f3adcf5cf196c3c13d36b03ed. Public source: https://www.pbc.gov.cn/. Desk: https://palimpsest.info/news/china/erasure/#e701784bf3ef229fa735c1bcf7e28357"
d666a397f69ace697ad36a23a0f285c5,绍兴柯桥蓝天广场,"绍兴柯桥蓝天广场
广场","绍兴柯桥蓝天广场
广场","绍兴柯桥蓝天广场
绍兴柯桥蓝天广场
广场",,zh,no public source URL on this row | no witnessed Wayback snapshot; lookup is an address to try | public text is title/term only; article body was not captured | no deletion-confirmation trail on this row | last-confirmed-alive is unknown | no China Digital Times ledger join,广场,weibo-hotsearch,,,,,,,,213b8f0dbd2998badd393848e4262c624eab959e4f591e497ff42aba3cbff0a6,,,,,,,,,,,,,,,,,,,,,,,,广场 — the Square (Tiananmen),weibo-hotsearch,"Palimpsest erasure trail (d666a397f69ace697ad36a23a0f285c5), “绍兴柯桥蓝天广场”, first seen unknown, last seen unknown, SHA-256 213b8f0dbd2998badd393848e4262c624eab959e4f591e497ff42aba3cbff0a6. Public source: https://palimpsest.info/news/china/erasure/#d666a397f69ace697ad36a23a0f285c5. Desk: https://palimpsest.info/news/china/erasure/#d666a397f69ace697ad36a23a0f285c5"
baa3fda428f18bae38d4d85baad16fbc,[wayback:unreachable] 白纸革命,unreachable,unreachable,,,,,,wayback:reconstruction,https://baike.baidu.com/item/%E7%99%BD%E7%BA%B8%E9%9D%A9%E5%91%BD,,,,,unreachable,,e69a9a0dfc44b2292429d4b7796d6e3fd76ea5dd13c6cb94c60d029fbf72c783,https://web.archive.org/web/*/https://baike.baidu.com/item/%E7%99%BD%E7%BA%B8%E9%9D%A9%E5%91%BD,,,https://archive.today/https://baike.baidu.com/item/%E7%99%BD%E7%BA%B8%E9%9D%A9%E5%91%BD,https://ghostarchive.org/search?term=https://baike.baidu.com/item/%E7%99%BD%E7%BA%B8%E9%9D%A9%E5%91%BD,,,,,,,,,,,,,,,,,,,白纸革命,wayback,"Palimpsest erasure trail (baa3fda428f18bae38d4d85baad16fbc), “[wayback:unreachable] 白纸革命”, first seen unknown, last seen unknown, SHA-256 e69a9a0dfc44b2292429d4b7796d6e3fd76ea5dd13c6cb94c60d029fbf72c783. Public source: https://baike.baidu.com/item/%E7%99%BD%E7%BA%B8%E9%9D%A9%E5%91%BD. Desk: https://palimpsest.info/news/china/erasure/#baa3fda428f18bae38d4d85baad16fbc"
ae017cf82702600b0c513cd0b5a92246,[wayback:unreachable] 新华网,unreachable,unreachable,,,,,,wayback:reconstruction,https://www.news.cn/,,,,,unreachable,,beb32f4c7be8b1bf0f822cb4ee77468f70590a57f4c2cd63e9129611a55fdb90,https://web.archive.org/web/*/https://www.news.cn/,,,https://archive.today/https://www.news.cn/,https://ghostarchive.org/search?term=https://www.news.cn/,,,,,,,,,,,,,,,,,,,新华网,wayback,"Palimpsest erasure trail (ae017cf82702600b0c513cd0b5a92246), “[wayback:unreachable] 新华网”, first seen unknown, last seen unknown, SHA-256 beb32f4c7be8b1bf0f822cb4ee77468f70590a57f4c2cd63e9129611a55fdb90. Public source: https://www.news.cn/. Desk: https://palimpsest.info/news/china/erasure/#ae017cf82702600b0c513cd0b5a92246"
a95f71d8c49190313a23ad02275656d7,天安门下半旗悼念朱镕基同志,"天安门下半旗悼念朱镕基同志
天安门","天安门下半旗悼念朱镕基同志
天安门","天安门下半旗悼念朱镕基同志
天安门下半旗悼念朱镕基同志
天安门",,zh,no public source URL on this row | no witnessed Wayback snapshot; lookup is an address to try | public text is title/term only; article body was not captured | no deletion-confirmation trail on this row | last-confirmed-alive is unknown | no China Digital Times ledger join,天安门,weibo-hotsearch,,,,,,,,dc16200f00706003267ee64f5aedd181dd64cf791cb5a39f2fe58d34fcb0da9a,,,,,,,,,,,,,,,,,,,,,,,,天安门 — Tiananmen Square,weibo-hotsearch,"Palimpsest erasure trail (a95f71d8c49190313a23ad02275656d7), “天安门下半旗悼念朱镕基同志”, first seen unknown, last seen unknown, SHA-256 dc16200f00706003267ee64f5aedd181dd64cf791cb5a39f2fe58d34fcb0da9a. Public source: https://palimpsest.info/news/china/erasure/#a95f71d8c49190313a23ad02275656d7. Desk: https://palimpsest.info/news/china/erasure/#a95f71d8c49190313a23ad02275656d7"
9963d88f7c1b0af96873bff89327aa04,[wayback:unreachable] 国家卫健委,unreachable,unreachable,,,,,,wayback:reconstruction,https://www.nhc.gov.cn/,,,,,unreachable,,c12f4856b6e1eae4ff77e83f9892ba60d36198481d133dbdfaa2b9ff542916bd,https://web.archive.org/web/*/https://www.nhc.gov.cn/,,,https://archive.today/https://www.nhc.gov.cn/,https://ghostarchive.org/search?term=https://www.nhc.gov.cn/,,,,,,,,,,,,,,,,,,,国家卫健委,wayback,"Palimpsest erasure trail (9963d88f7c1b0af96873bff89327aa04), “[wayback:unreachable] 国家卫健委”, first seen unknown, last seen unknown, SHA-256 c12f4856b6e1eae4ff77e83f9892ba60d36198481d133dbdfaa2b9ff542916bd. Public source: https://www.nhc.gov.cn/. Desk: https://palimpsest.info/news/china/erasure/#9963d88f7c1b0af96873bff89327aa04"
914b3c46774dd749c754ed6d44e6754b,[wayback:unreachable] 国家发改委,unreachable,unreachable,,,,,,wayback:reconstruction,https://www.ndrc.gov.cn/,,,,,unreachable,,15eb44f5b7a884f2eaf90e4e1ae8fc37c9ce9a6196b957d5b604addc23fd019f,https://web.archive.org/web/*/https://www.ndrc.gov.cn/,,,https://archive.today/https://www.ndrc.gov.cn/,https://ghostarchive.org/search?term=https://www.ndrc.gov.cn/,,,,,,,,,,,,,,,,,,,国家发改委,wayback,"Palimpsest erasure trail (914b3c46774dd749c754ed6d44e6754b), “[wayback:unreachable] 国家发改委”, first seen unknown, last seen unknown, SHA-256 15eb44f5b7a884f2eaf90e4e1ae8fc37c9ce9a6196b957d5b604addc23fd019f. Public source: https://www.ndrc.gov.cn/. Desk: https://palimpsest.info/news/china/erasure/#914b3c46774dd749c754ed6d44e6754b"
912192990f62ef0bda29c64ebbe7d2c4,张家界偶遇汪涵沈梦辰散步,"张家界偶遇汪涵沈梦辰散步
散步","张家界偶遇汪涵沈梦辰散步
散步","张家界偶遇汪涵沈梦辰散步
张家界偶遇汪涵沈梦辰散步
散步",,zh,no public source URL on this row | no witnessed Wayback snapshot; lookup is an address to try | public text is title/term only; article body was not captured | no deletion-confirmation trail on this row | last-confirmed-alive is unknown | no China Digital Times ledger join,散步,weibo-hotsearch,,,,,,,,ae466d1b82ca8b1eb73d77d9a67aa77b006f548db71aaa2f792d0576c822f536,,,,,,,,,,,,,,,,,,,,,,,,散步 — taking a walk = protest evasion,weibo-hotsearch,"Palimpsest erasure trail (912192990f62ef0bda29c64ebbe7d2c4), “张家界偶遇汪涵沈梦辰散步”, first seen unknown, last seen unknown, SHA-256 ae466d1b82ca8b1eb73d77d9a67aa77b006f548db71aaa2f792d0576c822f536. Public source: https://palimpsest.info/news/china/erasure/#912192990f62ef0bda29c64ebbe7d2c4. Desk: https://palimpsest.info/news/china/erasure/#912192990f62ef0bda29c64ebbe7d2c4"
81b4c21c387ef798064c297750ff4841,欢子 摆烂,"欢子 摆烂
欢子 摆烂
摆烂","欢子 摆烂
欢子 摆烂
摆烂","欢子 摆烂
欢子 摆烂
欢子 摆烂
摆烂",,zh,no public source URL on this row | no witnessed Wayback snapshot; lookup is an address to try | public text is title/term only; article body was not captured | no deletion-confirmation trail on this row | last-confirmed-alive is unknown | no China Digital Times ledger join,摆烂,weibo-hotsearch,,,,,,,,d5ce2d17715ee69de53fac8c6e976349477aca9ef33943e2791fb129c46cf451,,,,,,,,,,,,,,,,,,,,,,,,摆烂 — 'let it rot',weibo-hotsearch,"Palimpsest erasure trail (81b4c21c387ef798064c297750ff4841), “欢子 摆烂”, first seen unknown, last seen unknown, SHA-256 d5ce2d17715ee69de53fac8c6e976349477aca9ef33943e2791fb129c46cf451. Public source: https://palimpsest.info/news/china/erasure/#81b4c21c387ef798064c297750ff4841. Desk: https://palimpsest.info/news/china/erasure/#81b4c21c387ef798064c297750ff4841"
73bd2ccdf4fa6df574d3d8e3307a352e,[wayback:unreachable] 全国人大,unreachable,unreachable,,,,,,wayback:reconstruction,https://www.npc.gov.cn/,,,,,unreachable,,856dd276cf0f8b9b5a3aeb33f1d6925dc295be86171bc802ae76b60419673f2d,https://web.archive.org/web/*/https://www.npc.gov.cn/,,,https://archive.today/https://www.npc.gov.cn/,https://ghostarchive.org/search?term=https://www.npc.gov.cn/,,,,,,,,,,,,,,,,,,,全国人大,wayback,"Palimpsest erasure trail (73bd2ccdf4fa6df574d3d8e3307a352e), “[wayback:unreachable] 全国人大”, first seen unknown, last seen unknown, SHA-256 856dd276cf0f8b9b5a3aeb33f1d6925dc295be86171bc802ae76b60419673f2d. Public source: https://www.npc.gov.cn/. Desk: https://palimpsest.info/news/china/erasure/#73bd2ccdf4fa6df574d3d8e3307a352e"
5db9dd4f323c5db282d7d62e969991f1,[wayback:unreachable] 国家网信办,unreachable,unreachable,,,,,,wayback:reconstruction,https://www.cac.gov.cn/,,,,,unreachable,,3af3c6efc7892fb419236c80b95342f5f2842e987d287d2ad37f04ee557063a4,https://web.archive.org/web/*/https://www.cac.gov.cn/,,,https://archive.today/https://www.cac.gov.cn/,https://ghostarchive.org/search?term=https://www.cac.gov.cn/,,,,,,,,,,,,,,,,,,,国家网信办,wayback,"Palimpsest erasure trail (5db9dd4f323c5db282d7d62e969991f1), “[wayback:unreachable] 国家网信办”, first seen unknown, last seen unknown, SHA-256 3af3c6efc7892fb419236c80b95342f5f2842e987d287d2ad37f04ee557063a4. Public source: https://www.cac.gov.cn/. Desk: https://palimpsest.info/news/china/erasure/#5db9dd4f323c5db282d7d62e969991f1"
5d71d42b2bc640e7da396e9df01b5281,[wayback:unreachable] 工业和信息化部,unreachable,unreachable,,,,,,wayback:reconstruction,https://www.miit.gov.cn/,,,,,unreachable,,3db59f3e19d720a58b14d3ad8b20f53c7b6d5066eb3d0e24e50fe5a214866840,https://web.archive.org/web/*/https://www.miit.gov.cn/,,,https://archive.today/https://www.miit.gov.cn/,https://ghostarchive.org/search?term=https://www.miit.gov.cn/,,,,,,,,,,,,,,,,,,,工业和信息化部,wayback,"Palimpsest erasure trail (5d71d42b2bc640e7da396e9df01b5281), “[wayback:unreachable] 工业和信息化部”, first seen unknown, last seen unknown, SHA-256 3db59f3e19d720a58b14d3ad8b20f53c7b6d5066eb3d0e24e50fe5a214866840. Public source: https://www.miit.gov.cn/. Desk: https://palimpsest.info/news/china/erasure/#5d71d42b2bc640e7da396e9df01b5281"
5bb533fcad6f6b905554ce28a7dd3bf8,[wayback:no_baseline] 白纸运动,no_baseline,no_baseline,,,,,,wayback:reconstruction,,,,,,no_baseline,,785639e1cc50a36f8d83ef993ac3a37a4d174ef83efa4e649cd295ad3bd8f723,,,,,,,,,,,,,,,,,,,,,,,,白纸运动,wayback,"Palimpsest erasure trail (5bb533fcad6f6b905554ce28a7dd3bf8), “[wayback:no_baseline] 白纸运动”, first seen unknown, last seen unknown, SHA-256 785639e1cc50a36f8d83ef993ac3a37a4d174ef83efa4e649cd295ad3bd8f723. Public source: https://palimpsest.info/news/china/erasure/#5bb533fcad6f6b905554ce28a7dd3bf8. Desk: https://palimpsest.info/news/china/erasure/#5bb533fcad6f6b905554ce28a7dd3bf8"
590ac5444c6e7da8080b1ca44af2f3d2,[wayback:unreachable] 外交部,unreachable,unreachable,,,,,,wayback:reconstruction,https://www.fmprc.gov.cn/,,,,,unreachable,,d37a5b25d4e7b1377765a162eedeedae25df7bdf611eba3f0b6e4fee164f263c,https://web.archive.org/web/*/https://www.fmprc.gov.cn/,,,https://archive.today/https://www.fmprc.gov.cn/,https://ghostarchive.org/search?term=https://www.fmprc.gov.cn/,,,,,,,,,,,,,,,,,,,外交部,wayback,"Palimpsest erasure trail (590ac5444c6e7da8080b1ca44af2f3d2), “[wayback:unreachable] 外交部”, first seen unknown, last seen unknown, SHA-256 d37a5b25d4e7b1377765a162eedeedae25df7bdf611eba3f0b6e4fee164f263c. Public source: https://www.fmprc.gov.cn/. Desk: https://palimpsest.info/news/china/erasure/#590ac5444c6e7da8080b1ca44af2f3d2"
563e7d04903822ea989d5257de39274c,[wayback:unreachable] 中国裁判文书网,unreachable,unreachable,,,,,,wayback:reconstruction,https://wenshu.court.gov.cn/,,,,,unreachable,,b22bbecba84dbca8c8fc61ede85e39e657dc5151a25d9f4b866e924b6db97055,https://web.archive.org/web/*/https://wenshu.court.gov.cn/,,,https://archive.today/https://wenshu.court.gov.cn/,https://ghostarchive.org/search?term=https://wenshu.court.gov.cn/,,,,,,,,,,,,,,,,,,,中国裁判文书网,wayback,"Palimpsest erasure trail (563e7d04903822ea989d5257de39274c), “[wayback:unreachable] 中国裁判文书网”, first seen unknown, last seen unknown, SHA-256 b22bbecba84dbca8c8fc61ede85e39e657dc5151a25d9f4b866e924b6db97055. Public source: https://wenshu.court.gov.cn/. Desk: https://palimpsest.info/news/china/erasure/#563e7d04903822ea989d5257de39274c"
496d5808b6c307c2d77aa29af9fc7edd,蘸甲醛的大白菜正运往江苏安徽等地,"蘸甲醛的大白菜正运往江苏安徽等地
大白","蘸甲醛的大白菜正运往江苏安徽等地
大白","蘸甲醛的大白菜正运往江苏安徽等地
蘸甲醛的大白菜正运往江苏安徽等地
大白",,zh,no public source URL on this row | no witnessed Wayback snapshot; lookup is an address to try | public text is title/term only; article body was not captured | no deletion-confirmation trail on this row | last-confirmed-alive is unknown | no China Digital Times ledger join,大白,weibo-hotsearch,,,,,,,,8d2c41cd4ec280815d724ad323c4e52512729c2431c34d12fb812ea4dcb2db46,,,,,,,,,,,,,,,,,,,,,,,,大白 — 'big whites' (hazmat enforcers),weibo-hotsearch,"Palimpsest erasure trail (496d5808b6c307c2d77aa29af9fc7edd), “蘸甲醛的大白菜正运往江苏安徽等地”, first seen unknown, last seen unknown, SHA-256 8d2c41cd4ec280815d724ad323c4e52512729c2431c34d12fb812ea4dcb2db46. Public source: https://palimpsest.info/news/china/erasure/#496d5808b6c307c2d77aa29af9fc7edd. Desk: https://palimpsest.info/news/china/erasure/#496d5808b6c307c2d77aa29af9fc7edd"
451e5f6b2d886b72df983d3e4191be13,[wayback:unreachable] 新疆再教育营,unreachable,unreachable,,,,,,wayback:reconstruction,https://baike.baidu.com/item/%E6%96%B0%E7%96%86%E5%86%8D%E6%95%99%E8%82%B2%E8%90%A5,,,,,unreachable,,ca021b03351d536ac7c13ec943b8c61ef0888b6ba494a7824822d1586eb23b6c,https://web.archive.org/web/*/https://baike.baidu.com/item/%E6%96%B0%E7%96%86%E5%86%8D%E6%95%99%E8%82%B2%E8%90%A5,,,https://archive.today/https://baike.baidu.com/item/%E6%96%B0%E7%96%86%E5%86%8D%E6%95%99%E8%82%B2%E8%90%A5,https://ghostarchive.org/search?term=https://baike.baidu.com/item/%E6%96%B0%E7%96%86%E5%86%8D%E6%95%99%E8%82%B2%E8%90%A5,,,,,,,,,,,,,,,,,,,新疆再教育营,wayback,"Palimpsest erasure trail (451e5f6b2d886b72df983d3e4191be13), “[wayback:unreachable] 新疆再教育营”, first seen unknown, last seen unknown, SHA-256 ca021b03351d536ac7c13ec943b8c61ef0888b6ba494a7824822d1586eb23b6c. Public source: https://baike.baidu.com/item/%E6%96%B0%E7%96%86%E5%86%8D%E6%95%99%E8%82%B2%E8%90%A5. Desk: https://palimpsest.info/news/china/erasure/#451e5f6b2d886b72df983d3e4191be13"
3b5d436fd0f8678670971b5a01114e91,广州地铁回应母亲为孩子硬挤屏蔽门,"广州地铁回应母亲为孩子硬挤屏蔽门
屏蔽","广州地铁回应母亲为孩子硬挤屏蔽门
屏蔽","广州地铁回应母亲为孩子硬挤屏蔽门
广州地铁回应母亲为孩子硬挤屏蔽门
屏蔽",,zh,no public source URL on this row | no witnessed Wayback snapshot; lookup is an address to try | public text is title/term only; article body was not captured | no deletion-confirmation trail on this row | last-confirmed-alive is unknown | no China Digital Times ledger join,屏蔽,weibo-hotsearch,,,,,,,,40e18c0bd7ecb21e289a35e208f684e099785d5b50bf30688a1360e23676f0e9,,,,,,,,,,,,,,,,,,,,,,,,屏蔽 — block/shield,weibo-hotsearch,"Palimpsest erasure trail (3b5d436fd0f8678670971b5a01114e91), “广州地铁回应母亲为孩子硬挤屏蔽门”, first seen unknown, last seen unknown, SHA-256 40e18c0bd7ecb21e289a35e208f684e099785d5b50bf30688a1360e23676f0e9. Public source: https://palimpsest.info/news/china/erasure/#3b5d436fd0f8678670971b5a01114e91. Desk: https://palimpsest.info/news/china/erasure/#3b5d436fd0f8678670971b5a01114e91"
2a65bfa72d5d602c588a43d4a3e0a7ac,恒大集团被罚88.2亿元,"恒大集团被罚88.2亿元
恒大5名高管获刑6至18年
恒大","恒大集团被罚88.2亿元
恒大5名高管获刑6至18年
恒大","恒大集团被罚88.2亿元
恒大集团被罚88.2亿元
恒大5名高管获刑6至18年
恒大",,zh,no public source URL on this row | no witnessed Wayback snapshot; lookup is an address to try | public text is title/term only; article body was not captured | no deletion-confirmation trail on this row | last-confirmed-alive is unknown | no China Digital Times ledger join,恒大,weibo-hotsearch,,,,,,,,d696142a3174560897050d270f3dff4f6b03c17f54f5df9ffa13d1b272ae3819,,,,,,,,,,,,,,,,,,,,,,,,恒大 — Evergrande,weibo-hotsearch,"Palimpsest erasure trail (2a65bfa72d5d602c588a43d4a3e0a7ac), “恒大集团被罚88.2亿元”, first seen unknown, last seen unknown, SHA-256 d696142a3174560897050d270f3dff4f6b03c17f54f5df9ffa13d1b272ae3819. Public source: https://palimpsest.info/news/china/erasure/#2a65bfa72d5d602c588a43d4a3e0a7ac. Desk: https://palimpsest.info/news/china/erasure/#2a65bfa72d5d602c588a43d4a3e0a7ac"
1cc327bf85a5e0e98f37a0a7e5ff775c,[wayback:unreachable] 中国政府网 English,unreachable,unreachable,,,,,,wayback:reconstruction,https://english.www.gov.cn/,,,,,unreachable,,5a30680d0ad66bffd96133f262a630e67e0b257a43464b229e5e130168b7ac94,https://web.archive.org/web/*/https://english.www.gov.cn/,,,https://archive.today/https://english.www.gov.cn/,https://ghostarchive.org/search?term=https://english.www.gov.cn/,,,,,,,,,,,,,,,,,,,中国政府网 English,wayback,"Palimpsest erasure trail (1cc327bf85a5e0e98f37a0a7e5ff775c), “[wayback:unreachable] 中国政府网 English”, first seen unknown, last seen unknown, SHA-256 5a30680d0ad66bffd96133f262a630e67e0b257a43464b229e5e130168b7ac94. Public source: https://english.www.gov.cn/. Desk: https://palimpsest.info/news/china/erasure/#1cc327bf85a5e0e98f37a0a7e5ff775c"
